route_label,route_index,route_option_id,distance_km,optimized_route_time_min,optimized_route_cost,traffic_density_index,estimated_co2_kgco2e,delivery_efficiency_score,route_reliability_index,time_score,cost_score,co2_score,reliability_score,traffic_score,efficiency_score,delivery_option_score,score_rank,score_category
Route option 418,417,418,2.910804616170668,15.33,85.07,0.2160367996260517,2.037514397828059,0.2449,0.863,96.52769103944443,97.88162863838933,96.09300285045043,94.43507588532884,98.49524967820379,19.634591961023144,92.62338439111666,1,Excellent
Route option 343,342,343,4.92882069001327,13.78,76.91,0.2147047918201936,3.4500917940093188,0.203,0.875,96.9148909595064,98.12934876322085,91.96556038517171,96.45868465430019,98.6626441286311,16.232237109216406,91.96985124002236,2,Excellent
Route option 132,131,132,1.6177684788121929,5.61,31.61,0.3406270526643055,1.1324107944656958,0.4539,0.796,98.95580924783293,99.50455975033697,98.73764593910087,83.13659359190557,82.83789628716701,36.6057653268372,91.11788189784889,3,Excellent
Route option 65,64,65,3.5458723001591523,4.9,38.49,0.2906158024517487,2.4820511223245787,0.339,0.809,99.13317179186132,99.29569768430257,94.79410074496367,85.32883642495784,89.12284875343371,27.27568006496144,90.72613524505671,4,Excellent
Route option 422,421,422,2.1442527200811097,4.12,46.86,0.3121323467061843,1.5009409307227366,0.5859,0.756,99.32802078389248,99.04160240919964,97.66082923635996,76.39123102866779,86.41884800754758,47.32440113682502,90.375483011038,5,Excellent
Route option 250,249,250,6.631716855918775,11.43,118.36,0.2575846547706574,4.6420905412846425,0.3218,0.843,97.5019359996003,96.87101553108037,88.4826317602598,91.06239460370996,93.27389861120692,25.879009338205446,89.82906749497405,6,Very good
Route option 693,692,693,1.486267235263946,2.9,26.65,0.2109865504660626,1.0403621301296015,0.2564,0.723,99.63278459194125,99.65513472817574,99.00660505389351,70.82630691399663,99.12991839331153,20.568412505075116,89.71590897488102,7,Very good
Route option 654,653,654,3.565395989186148,11.42,100.05,0.2126828362988536,2.495717377101773,0.2415,0.765,97.50443406360071,97.42686791902952,94.75416900001208,77.9089376053963,98.916744841701,19.35850588712952,89.11618994613491,8,Very good
Route option 715,714,715,1.0663276600579397,1.43,16.7,0.4709999233716058,0.7464114726561805,1.2346,0.669,100.0,99.95719541960632,99.86550625791413,61.720067453625646,66.45383686446567,100.0,88.9472128255715,9,Very good
Route option 972,971,972,8.988731509647959,11.82,122.48,0.2085378302790673,6.291961256132839,0.234,0.833,97.40451150358473,96.74594115432721,83.66183647563074,89.37605396290051,99.43765095174673,18.74949248883476,88.50200016268658,10,Very good
Route option 781,780,781,3.448972404324258,9.62,88.06,0.3659755504471018,2.414222820893831,0.0942,0.807,97.95408558367265,97.790858641668,94.99228982290717,84.99156829679596,79.65233097978061,7.397482744620383,88.2304821953632,11,Very good
Route option 350,349,350,1.4964280173594255,2.32,15.29,0.6680622530985729,1.0474745071327578,1.2048,0.729,99.77767230396442,100.0,98.98582323552996,71.8381112984823,41.68886158466765,97.58018676410882,88.11750802604404,12,Very good
Route option 183,182,183,2.626278373558885,12.18,39.23,0.3316625157708023,1.8383508013912462,0.1517,0.766,97.31458119957034,99.27323286906048,96.67494355521693,78.07757166947724,83.96447656697005,12.06658546488023,88.10158996636687,13,Very good
Route option 309,308,309,6.578081280353469,11.25,159.96,0.355638375759929,4.604546538213123,0.2449,0.843,97.5469011516075,95.60812862017461,88.59233244852854,91.06239460370996,80.95141171198082,19.634591961023144,88.0684387564798,14,Very good
Route option 885,884,885,4.381372038027999,6.16,58.18,0.2386595270843175,3.0668869219629875,0.5587,0.701,98.81841572781094,98.6979514517128,93.08525553678714,67.11635750421586,95.6522340341596,45.11571254567601,88.01886785164446,15,Very good
Route option 727,726,727,4.219048088763923,11.84,118.78,0.430636643643405,2.953262880726936,0.3115,0.815,97.39951537558393,96.85826523053757,93.41725624283136,86.34064080944351,71.52632142336344,25.042630937880638,87.87876203305123,16,Very good
Route option 838,837,838,3.200653650785177,4.14,51.74,0.260161623010242,2.2404038593682696,0.7782,0.655,99.32302465589169,98.89345606003572,95.50017545452688,59.35919055649242,92.95004902088412,62.93950466910273,87.83215825365923,17,Very good
Route option 720,719,720,2.156153267630927,3.41,21.19,0.3838450731381321,1.5092711143565283,0.4535,0.686,99.50538332792085,99.82088863523212,97.63648908072201,64.5868465430017,77.40665425243097,36.573284612261475,86.76107562726762,18,Very good
Route option 297,296,297,11.73437164599103,15.05,264.9,0.210813817359776,8.213863288984912,0.2492,0.847,96.59763683145563,92.4223749559811,78.04618661039584,91.73693086003374,99.1516258962783,19.983759642712144,86.57728575385649,19,Very good
Route option 247,246,247,4.118404555045474,8.43,105.68,0.4343401627224983,2.8828140955833264,0.4242,0.749,98.25135519972021,97.25595317603916,93.62310217255889,75.21079258010118,71.0608973183654,34.19407226958994,86.36518907962787,20,Very good
Route option 587,586,587,4.517014505099138,9.81,83.16,0.2370095338719999,3.161834373289332,0.185,0.705,97.90662236766507,97.93961214800063,92.80782638944714,67.79089376053963,95.85958995637718,14.770604953308975,86.25387149590604,21,Very good
Route option 342,341,342,4.479375562129517,11.1,57.35,0.3028636628093353,3.1354877446652094,0.2479,0.717,97.58437211161349,98.72314847421404,92.88480921112765,69.81450252951096,87.58365067632631,19.87819732034105,86.19788185949929,22,Very good
Route option 762,761,762,1.384237947823924,2.34,19.89,0.6994981583388882,0.9689433406291682,0.8982,0.714,99.77267617596364,99.86035385119793,99.21528526171772,69.30860033726812,37.73828707733732,72.68371904181893,86.00016204814004,23,Very good
Route option 82,81,82,4.195024971764111,7.28,95.89,0.3579590536729053,2.9364471018540073,0.3623,0.714,98.5386325597662,97.5531566101201,93.46639065486038,69.30860033726812,80.65977032508125,29.167681688997167,85.97103668210399,24,Very good
Route option 511,510,511,4.0604220873345005,21.59,109.65,0.4736181313983854,2.8422273409360392,0.0885,0.807,94.96390297519423,97.13543247805127,93.74169354681699,84.99156829679596,66.12480463821319,6.934632561916362,85.81281622862969,25,Very good
Route option 285,284,285,7.861180780112567,14.07,103.17,0.3141234811785297,5.502694661959213,0.2654,0.771,96.8424471034948,97.33215140071158,85.96801273614916,78.92074198988196,86.16862059952543,21.29922858302883,85.79289477195894,26,Very good
Route option 744,743,744,7.899344495741128,31.12,95.73,0.349262799402913,5.529408622640678,0.0934,0.82,92.58324798281332,97.55801386746973,85.88995659846032,87.18381112984822,81.75263532024087,7.33252131546894,85.47939334343887,27,Very good
Route option 290,289,290,10.608787924181254,13.57,166.63,0.3025480882392783,7.425973567219455,0.2745,0.804,96.96735030351478,95.40564170441161,80.34833975567673,84.48566610455315,87.6233091764426,22.03816483962648,85.32305572104067,28,Very good
Route option 298,297,298,2.799346762540236,5.67,53.56,0.3297365817097504,1.9594957701739035,0.5997,0.621,98.94082086383052,98.83820475768358,96.32096727755585,53.62563237774031,84.2065101889137,48.44498578968739,85.2040737276156,29,Very good
Route option 50,49,50,5.004541941592135,6.62,83.14,0.4501928929507202,3.50309539976712,0.5249,0.715,98.70350478379257,97.94021930516934,91.81068792734457,69.47723440134908,69.06867245852962,42.371092164027615,85.20228553395269,30,Very good
Route option 602,601,602,3.662269706322287,4.58,43.98,0.2881376962029065,2.5635273538825825,0.5376,0.614,99.21310983987411,99.12903304149312,94.55603346528575,52.4451939291737,89.43427428097273,43.40235485180675,84.91002089911721,31,Very good
Route option 366,365,366,3.1432145431384204,7.16,51.56,0.5550847929124556,2.2001974476501838,0.4902,0.714,98.56860932777097,98.89892047455405,95.61765549601016,69.30860033726812,55.88682632282978,39.553390174583846,84.82599204293334,32,Very good
Route option 158,157,158,18.049129167526164,22.26,143.37,0.2570066661185823,12.634087613710415,0.172,0.896,94.79653268716744,96.11176549161516,65.130631233925,100.0,93.34653489182165,13.714981729598053,84.48472001989983,33,Very good
Route option 687,686,687,7.094051551025001,20.36,124.07,0.3067751034257028,4.965717071440987,0.1873,0.74,95.27116484724338,96.69767215941518,87.53701993957716,73.69308600337268,87.09209691104328,14.95736906211937,84.47371773111084,34,Very good
Route option 19,18,19,2.0693464419989853,5.56,49.76,0.377160713098596,1.448507792740145,0.1524,0.651,98.96829956783493,98.95356461973745,97.81403483124079,58.68465430016864,78.24668294472205,12.123426715387742,84.2056520356,35,Very good
Route option 663,662,663,11.571293279646252,35.04,213.73,0.3137126828783342,8.099711168448945,0.0555,0.852,91.60400689465664,93.97578657211206,78.37973032352296,92.58010118043845,86.22024593940351,4.254973609419408,84.06168478473349,36,Very good
Route option 797,796,797,4.580996539323735,9.47,123.71,0.4000659751311535,3.206620723843649,0.382,0.682,97.99155654367866,96.70860098845186,92.67696411907352,63.91231028667792,75.36816096236494,30.767356881851406,83.96691853385914,37,Very good
Route option 818,817,818,1.5930527220292638,7.89,23.38,0.4630194299940726,1.1151101793647467,0.3375,0.641,98.3862506557418,99.75440492525894,98.78819700528398,56.9983136593592,67.45675163508179,27.153877385302483,83.82821213216629,38,Very good
Route option 220,219,220,6.516439130184914,10.39,111.71,0.2573853902519267,4.561398067242666,0.3512,0.654,97.76173465564189,97.07289528967469,88.71840896077966,59.190556492411474,93.29894033728081,28.266341859520917,83.72785065444467,39,Very good
Route option 295,294,295,1.2697841588606202,3.17,27.89,0.6453456421454029,0.8888276085037,0.9592,0.62,99.56533686393045,99.61749098371605,99.44937726673314,53.45699831365936,44.54367564007592,77.63702801461633,83.72652851368287,40,Very good
Route option 819,818,819,1.4428849848853167,2.08,22.79,0.6886880668134803,1.0099952826725147,0.6494,0.673,99.83762583997404,99.77231606173575,99.09533464568074,62.39460370994942,39.09679963410045,52.480714575720675,83.7084584759481,41,Very good
Route option 616,615,616,5.992727015234663,19.98,139.98,0.3396887335858095,4.194808372901755,0.1907,0.71,95.36609127925857,96.2146786317106,89.7895558415429,68.63406408094434,82.95581557095765,15.233455136012996,83.54761007266485,42,Very good
Route option 667,666,667,7.693444278907458,12.0,138.15,0.3419275760969459,5.385281925168818,0.3077,0.708,97.35954635157754,96.27023351264708,86.31108371909379,68.29679595278246,82.6744585022552,24.73406414941129,83.46723515087096,43,Very good
Route option 678,677,678,3.846505651937139,8.15,65.32,0.5081301022180325,2.6924894249547267,0.2186,0.703,98.32130099173142,98.4811963424852,94.17921621619736,67.45362563237774,61.78765859213805,17.49898497766951,83.4497437554655,44,Very good
Route option 12,11,12,4.070006969312372,13.99,79.76,0.5104789882753258,2.848936597518533,0.2001,0.713,96.862431615498,98.04282886668042,93.72208961530578,69.13996627318718,61.49247226594101,15.99675192854243,83.18865257792079,45,Very good
Route option 733,732,733,3.8343780229108697,15.54,113.71,0.6002382995151936,2.6840002880970806,0.1814,0.75,96.47523169543604,97.01217957280421,94.20402082092524,75.37942664418213,50.21235025039971,14.478278522127491,83.06952173886214,46,Very good
Route option 408,407,408,11.676735158494514,21.34,252.81,0.2320996962088076,8.173518714683363,0.0895,0.773,95.02635457520422,92.7894014644631,78.1640703523175,79.25801011804386,96.47661305016302,7.015834348355663,82.9542238420557,47,Very good
Route option 358,357,358,4.2557483734329695,6.86,46.17,0.6129078437395983,2.9789524642881795,0.1272,0.737,98.64355124778297,99.06254933151996,93.34219325627029,73.18718381112986,48.62015883584366,10.077141697117337,82.88007816059437,48,Very good
Route option 506,505,506,6.3539463051714495,13.68,151.16,0.2228567341792083,4.447655815815208,0.0681,0.659,96.93987159951037,95.8752777744047,89.05075506790784,60.0337268128162,97.63818323200492,5.278116118554608,82.86018813345144,49,Very good
Route option 61,60,61,4.051382188212395,6.33,55.71,0.4488293338082696,2.8358995632096065,0.2729,0.652,98.77594863980416,98.77293536204782,93.7601828264625,58.85328836424959,69.2400319898115,21.90824198132359,82.73989547788328,50,Very good
Route option 242,241,242,2.698843069597683,3.81,43.4,0.72254975132625,1.8891448712273642,0.4158,0.706,99.40546076790487,99.14664059938555,96.5265271913471,67.95952782462057,34.84137557079554,33.5119772634998,82.59369405647351,51,Very good
Route option 106,105,106,16.521322176308807,32.88,293.53,0.2560811842139536,11.564648351310531,0.0885,0.865,92.14358871874298,91.55322946898035,68.25545047398823,94.77234401349074,93.46284091805094,6.934632561916362,82.45071077864078,52,Very good
Route option 740,739,740,4.7046469902207875,12.74,89.86,0.362730401758652,3.2931739650337493,0.1456,0.641,97.17468961554795,97.73621449648455,92.42406220788529,56.9983136593592,80.06015132352708,11.57125456760049,82.07243696698241,53,Very good
Route option 419,418,419,2.516833755047833,3.63,46.63,0.6660551273718489,1.7617414045453559,0.6479,0.639,99.45042591991206,99.04858471663974,96.89879031832947,56.66104553119731,41.94109862598669,52.35891189606172,82.06876427053395,54,Very good
Route option 633,632,633,1.2138002128651453,3.86,20.81,0.6966550428047135,0.8496397855288031,0.4115,0.644,99.39297044790287,99.83242462143751,99.56388107028097,57.50421585160203,38.09558360386778,33.162809581810805,81.70459129123603,55,Very good
Route option 567,566,567,12.386831829746344,21.6,177.3,0.2738152036502102,8.670574471530681,0.0885,0.749,94.96140491119382,95.08172335490764,76.71171167521487,75.21079258010118,91.23419298945473,6.934632561916362,81.69886301508555,56,Very good
Route option 367,366,367,7.027161461063536,11.93,144.55,0.3504125737570311,4.918895130658236,0.0773,0.675,97.37703279958032,96.07594321866158,87.67383004797613,62.73187183811131,81.60814228853594,6.0251725537961835,81.61749993980808,57,Very good
Route option 112,111,112,10.898767751722009,14.99,202.44,0.3056281415119964,7.628954581613773,0.1876,0.717,96.61262521545801,94.31852679384585,79.75524484935774,69.81450252951096,87.236236501188,14.981729598051158,81.56065225012375,58,Very good
Route option 814,813,814,8.972287446619728,14.72,136.5,0.4382033229377955,6.280450687889035,0.0636,0.738,96.68007294346882,96.32032397906521,83.69546947039434,73.35581787521079,70.5754109883992,4.912708079577752,81.49828682996635,59,Very good
Route option 191,190,191,13.754056020734147,33.09,187.01,0.2448018471512001,9.627608467808065,0.1173,0.768,92.09112937473456,94.78694854950152,73.91533197408887,78.41483979763913,94.88032392415678,9.27324401136825,81.48911113088134,60,Very good
Route option 627,626,627,5.375186701753074,7.24,73.18,0.6637059665614546,3.762540513709856,0.2427,0.712,98.54862481576778,98.24258357518427,91.05260926659916,68.97133220910624,42.23631948061826,19.455948030856682,81.11208978626611,61,Very good
Route option 517,516,517,1.9366886270584376,8.37,52.15,0.6978533097988415,1.3556495478328103,0.2134,0.674,98.26634358372262,98.88100933807725,98.08535947817192,62.56323777403037,37.94499646461446,17.076735688185142,81.11179443957974,62,Very good
Route option 330,329,330,3.5056336906629353,7.44,83.05,0.695148130210747,2.453884770745481,0.1185,0.708,98.49866353575979,97.9429515124285,94.87640065710569,68.29679595278246,38.284958474194866,9.370686155095413,80.96381251964483,63,Very good
Route option 933,932,933,4.844334999539074,7.98,104.37,0.4381389724742766,3.3909532280625325,0.2227,0.622,98.36376807973821,97.29572197058931,92.13835872463567,53.79426644182125,70.58349796088399,17.83191230207065,80.87528639078059,64,Very good
Route option 238,237,238,10.081178796907007,46.43,211.21,0.2514021783636888,7.0566560296304806,0.0422,0.727,88.75871199820139,94.05228837536885,81.42745718452542,71.50084317032041,94.05085519950386,3.1749898497766957,80.78306801734871,65,Very good
Route option 911,910,911,12.290416443750145,16.32,157.26,0.2209266738587358,8.603085318858579,0.0577,0.69,96.28038270340487,95.69009483794974,76.90890978658035,65.26138279932546,97.880735404159,4.433617539585872,80.68335393217629,66,Very good
Route option 296,295,296,1.375537599812041,1.93,15.92,0.7166074338090447,0.9628532429833677,1.0239,0.545,99.87509679998001,99.9808745491858,99.23308005845517,40.80944350758855,35.588151205805005,82.89078359723915,80.64470728640713,67,Very good
Route option 128,127,128,9.131789869493463,31.7,244.3,0.4518440471364546,6.392099707987552,0.0612,0.765,92.43836027079014,93.04774683974692,83.36923962415219,77.9089376053963,68.86117063588544,4.717823792123427,80.64332710241943,68,Very good
Route option 119,118,119,5.089740164479782,8.83,128.56,0.4851123994399233,3.5627327264494295,0.4069,0.619,98.15143263970424,96.56136537504099,91.636432247387,53.288364249578414,64.68031108989041,32.78928136419002,80.61683569191003,69,Very good
Route option 163,162,163,18.266372383873065,21.21,282.54,0.2809310492140329,12.786154220544232,0.1801,0.814,95.05882940720942,91.88686233318357,64.68630430904744,86.17200674536255,90.33993917784554,14.3727161997564,80.54774550218535,70,Very good
Route option 915,914,915,11.990380680967208,22.91,127.23,0.3872042297282959,8.393065318499437,0.0836,0.744,94.63415852714147,96.60174132675984,77.52257206829573,74.36762225969646,76.98450644756315,6.536743808363784,80.526635274968,71,Very good
Route option 778,777,778,9.12173921118764,58.57,289.77,0.2286129944119482,6.385064415789649,0.0504,0.727,85.72606230171618,91.66737501669682,83.38979620664583,71.50084317032041,96.9147895597318,3.8408444985789694,80.50982633031028,72,Very good
Route option 492,491,492,10.957931463218276,15.68,130.55,0.3907417431627869,7.670368187093477,0.06,0.719,96.44025879943044,96.50095323675487,79.63423748058676,70.15177065767286,76.53994440022258,4.620381648396266,80.41216943136041,73,Very good
Route option 384,383,384,22.118275805151516,34.02,199.46,0.2281397052252773,15.482421993481498,0.0857,0.864,91.85880942269742,94.40899321198285,56.80801733244078,94.60370994940978,96.97426817761041,6.707267559886318,80.40909704568357,74,Very good
Route option 729,728,729,13.083578113923206,29.99,286.87,0.4294525977656249,9.158285181400025,0.0645,0.813,92.86552921485848,91.75541280615901,75.28665850635639,86.00337268128162,71.6751213839343,4.985789687373123,80.36332918981101,75,Very good
Route option 440,439,440,8.553107115745867,24.95,174.25,0.3701815729042185,5.987031488710555,0.1541,0.68,94.12455347105994,95.17431482313512,84.55281779416856,63.57504215851604,79.123756886898,12.261469752334552,80.23843571539089,76,Very good
Route option 438,437,438,17.67896810847078,21.72,210.63,0.3362073217003488,12.374981082426691,0.088,0.815,94.93142814318902,94.06989593326128,65.88772058219195,86.34064080944351,83.39332729327253,6.894031668696711,80.22435743548886,77,Very good
Route option 610,609,610,4.071791459471427,5.76,44.7,0.7369772450770542,2.850185710692141,0.2959,0.67,98.91833828782694,99.10717538341976,93.7184398027216,61.88870151770659,33.028261280595345,23.775883069427532,79.90407327000197,78,Very good
Route option 181,180,181,15.960223158139833,48.89,271.32,0.3142592883895061,11.171888451942747,0.02,0.828,88.14418825410307,92.2274775048269,69.40306468025518,88.53288364249578,86.15155360236108,1.3723101908241986,79.81544692012625,79,Very good
Route option 251,250,251,5.599006956344454,8.38,128.01,0.4053444733202108,3.9192109369742734,0.1066,0.608,98.26384551972221,96.57806219718036,90.59483034433771,51.433389544688026,74.70480801536802,8.404384896467723,79.79446708476274,80,Very good
Route option 479,478,479,7.116219884375567,14.1,149.85,0.564926992895858,4.981234532876461,0.0662,0.706,96.83495291149359,95.91504656895484,87.49167911120539,67.95952782462057,54.649949444202115,5.123832724319935,79.73601181945136,81,Very good
Route option 44,43,44,6.623674721591656,30.69,234.27,0.4203439229115783,4.6364611821755695,0.1262,0.676,92.6906647348305,93.35223615985234,88.49908031444303,62.90050590219225,72.81981559263832,9.995939910678036,79.69522999278351,82,Very good
Route option 910,909,910,15.89318310049634,22.52,280.4,0.3028125347552932,11.12496153629853,0.085,0.77,94.73158302315706,91.95182815023497,69.5401815171224,78.75210792580101,87.59007597839297,6.6504263093788065,79.56367811242744,83,Very good
Route option 961,960,961,10.56678954486811,15.94,89.85,0.4403910069061111,7.396575406291516,0.059,0.699,96.37530913542005,97.73651807506891,80.43423891995833,66.77908937605396,70.30048305331181,4.539179861956963,79.5437503457272,84,Very good
Route option 529,528,529,1.434300970559976,10.88,86.74,0.7645274670991573,1.0039866166556066,0.2525,0.648,97.6393295196223,97.8309310148025,99.11289150546406,58.17875210792581,29.566003586414823,20.25172553796184,79.4772120403757,85,Very good
Route option 982,981,982,12.513696844801686,23.34,205.49,0.4152417829937304,8.759377853702032,0.1233,0.741,94.5267417751243,94.2259353256184,76.4522350252095,73.86172006745363,73.46100545939083,9.760454730004062,79.47006147238092,86,Very good
Route option 858,857,858,2.9075682029577052,4.42,38.04,0.5457705500680188,2.0352489628750914,0.369,0.555,99.25307886388049,99.30935872059841,96.09962227707616,42.49578414839799,57.05735441976291,29.71173365814048,79.42787204072772,87,Very good
Route option 17,16,17,18.01982298668329,26.17,258.54,0.2155570067356373,12.61357377877935,0.1472,0.759,93.81978966301116,92.6154509356292,65.19057108122051,76.89713322091063,98.55554562155837,11.701177425903373,79.40473096766634,88,Very good
Route option 850,849,850,18.570344614718785,34.06,322.42,0.235728973103119,12.998929682506654,0.0856,0.803,91.84881716669581,90.67619093878642,64.06459078053767,84.31703204047218,96.02051901790585,6.699147381242387,79.32156499517801,89,Very good
Route option 830,829,830,2.429318418617959,6.8,46.59,0.5953260828414435,1.7004821372568435,0.5128,0.548,98.65853963178537,99.04979903097714,97.0777851839432,41.315345699831376,50.829672316281005,41.38855054811207,79.22657792753829,90,Very good
Route option 40,39,40,13.297366405674602,37.54,234.85,0.4476805960684,9.30793339897898,0.0778,0.785,90.97949089455672,93.3346286019599,74.84939792880613,81.28161888701518,69.38439474940262,6.065773447015834,79.07322530619895,91,Very good
Route option 397,396,397,8.568527613942866,15.78,144.93,0.5669199184648608,5.9978255787444645,0.2384,0.688,96.41527815942645,96.06440723245619,84.52127829360707,64.92411467116357,54.39949694767874,19.106780349167686,79.00636829823726,92,Very good
Route option 398,397,398,2.246940235381793,3.97,50.65,0.7415814018488229,1.5728204686827876,0.6036,0.572,99.36549174389847,98.9265461257301,97.4508027569876,45.362563237774026,32.449653340685444,48.761672756800664,78.77666988263599,93,Very good
Route option 269,268,269,12.634239950365508,19.68,279.28,0.3662749771357192,8.843756005289652,0.0967,0.715,95.44103319927056,91.98582895168244,76.20568855848424,69.47723440134908,79.614701796405,7.600487210718636,78.7737359902579,94,Very good
Route option 11,10,11,2.647066408980849,18.7,79.93,0.4702536346572512,1.8529020774334468,0.1015,0.564,95.68584347130974,98.03766803074645,96.63242584622417,44.013490725126466,66.54762354398068,7.990255785627285,78.759782050672,95,Very good
Route option 218,217,218,14.794538722331568,61.65,301.45,0.3179620803799209,10.355928903133183,0.016,0.805,84.95665858959308,91.31279523017328,71.78723570041366,84.65430016863407,85.6862208711592,1.0475030450669915,78.75255696215277,96,Very good
Route option 674,673,674,10.761548469808602,19.36,199.66,0.5701502653502617,7.532903386351481,0.1473,0.733,95.52097124728334,94.40292164029582,80.03589905155444,72.51264755480608,53.993536757961266,11.709297604547302,78.48110140738915,97,Very good
Route option 195,194,195,6.438483991460573,9.58,110.41,0.4579598477685197,4.50683077796013,0.3781,0.567,97.96407783967426,97.1123605056405,88.87785038155333,44.5193929173693,68.09259324375215,30.45066991473813,78.47042166803728,98,Very good
Route option 93,92,93,10.984556497256763,17.49,207.84,0.6045250859441755,7.689005264242079,0.2163,0.739,95.9881092153581,94.15459435829558,79.57978137513034,73.52445193929174,49.673626486752944,17.312220868859118,78.46135013848992,99,Very good
Route option 703,702,703,7.151960523370016,12.25,139.89,0.6821359687556041,5.0062523805651065,0.0755,0.706,97.29709475156754,96.21741083896977,87.41857888517944,67.95952782462057,39.920206860935394,5.879009338205441,78.43542255733026,100,Very good
Route option 589,588,589,12.85465233546095,24.26,194.33,0.3703154037279947,8.998040977079478,0.0792,0.7,94.29691988708751,94.56472902575561,75.75487974189042,66.94772344013491,79.10693826384056,6.179455948030857,78.32026102985381,101,Very good
Route option 976,975,976,2.2344772840022387,7.49,64.35,0.6887260177267172,1.5640966118034207,0.3534,0.573,98.48617321575779,98.51064346516739,97.47629319555914,45.53119730185497,39.09203031350295,28.444985789687376,78.20612841628048,102,Very good
Route option 456,455,456,7.82063836593908,10.3,99.71,0.3794953405587888,5.474315652202844,0.2655,0.561,97.78421723164547,97.4371895908975,86.05093401912285,43.50758853288366,77.95328850744264,21.307348761672763,78.11922886469395,103,Very good
Route option 172,171,172,4.412416259957881,5.94,63.06,0.6371123737693889,3.0886173564964867,0.2882,0.589,98.87337313581975,98.54980510254885,93.02176087906079,48.22934232715008,45.57835684011263,23.15062931384491,78.10131148257244,104,Very good
Route option 646,645,646,18.642472829147938,46.38,444.07,0.2799881979870213,13.049418222538712,0.0422,0.828,88.7712023182034,86.98315746014012,63.917067151247274,88.53288364249578,90.45842802024285,3.1749898497766957,78.04130776649279,105,Very good
Route option 924,923,924,9.89908442007353,25.07,170.17,0.4164174241374773,6.929193020776991,0.1534,0.649,94.09457670305514,95.29817488555086,81.79989428915157,58.34738617200676,73.31326172824168,12.204628501827044,77.93955872232597,106,Very good
Route option 760,759,760,4.047958082070435,12.23,82.93,0.4900077850576989,2.8335027463551956,0.2268,0.541,97.30209087956834,97.94659445544073,93.76718614089549,40.13490725126477,64.0651041958216,18.164839626471785,77.8332674533844,107,Very good
Route option 704,703,704,1.830435579589469,4.71,23.37,0.647580207565077,1.2812741971725727,0.1751,0.549,99.18063500786891,99.7547085038433,98.30267853022171,41.48397976391232,44.26285607676317,13.966707267559888,77.78415525873466,108,Very good
Route option 213,212,213,1.8823212244222705,4.25,32.6,0.5583629577449485,1.3175932780892796,0.381,0.489,99.29554595188729,99.4745054704861,98.19655697024152,31.365935919055648,55.474856814744356,30.686155095412104,77.65813014709124,109,Very good
Route option 811,810,811,13.119675475135084,17.89,261.57,0.34634825702737,9.183552728656274,0.1588,0.668,95.88818665534211,92.52346662457043,75.21282867740626,61.5514333895447,82.11890811312954,12.643118148599273,77.63987122198593,110,Very good
Route option 481,480,481,14.512610844316493,51.54,363.14,0.2293037580790555,10.158584118322263,0.0381,0.727,87.48220129399715,89.44001894330367,72.36386197755208,71.50084317032041,96.82798075581782,2.842062525375559,77.60047937776282,111,Very good
Route option 605,604,605,1.0065999572197808,2.54,22.83,0.8799499931237791,0.7046030826990274,0.565,0.567,99.72271489595563,99.77110174739833,99.98766715655273,44.5193929173693,15.060765534616651,45.6272838002436,77.58699944475669,112,Very good
Route option 363,362,363,15.456994675053656,59.66,441.44,0.3543872063512229,10.819636956260378,0.0165,0.816,85.45377332567261,87.0629986278248,70.43231644774616,86.50927487352445,81.10864713856071,1.0881039382866424,77.57855838811132,113,Very good
Route option 800,799,800,10.315274839402656,22.29,146.21,0.3081929529972011,7.2205193320347965,0.1717,0.592,94.78903849516624,96.02554917365909,80.94866122285083,48.735244519392914,86.91391465958365,13.690621193666264,77.52305426899802,114,Very good
Route option 686,685,686,1.9470539149624504,8.88,76.62,0.7393580982919439,1.3629050754710217,0.3036,0.577,98.13894231970224,98.13815254216706,98.06415938466702,46.20573355817875,32.72905761699681,24.401136825010152,77.50556813312654,115,Very good
Route option 645,644,645,3.3611146072715155,8.47,64.87,0.7690126597683624,2.3527238369146453,0.1056,0.63,98.24136294371861,98.49485737878108,95.1719851222468,55.14333895446881,29.00234595721754,8.323183110028422,77.48530188717858,116,Very good
Route option 612,611,612,1.1871762102705723,5.33,33.48,0.7811973970699382,0.8310034303736369,0.316,0.564,99.02575503984411,99.4477905550631,99.61833506612814,44.013490725126466,27.47108060334477,25.408038976857494,77.41950103971612,117,Very good
Route option 335,334,335,6.609894265229351,9.53,117.62,0.7774403372398848,4.626815093911571,0.2849,0.668,97.97656815967626,96.89348034632245,88.52726544216225,61.5514333895447,27.943233215895873,22.88266341859521,77.3545692321686,118,Very good
Route option 259,258,259,16.530382801764844,19.08,219.36,0.2043188337469419,11.570990637122998,0.1992,0.647,95.59091703929455,93.80487182912168,68.23691880283161,58.01011804384486,99.96785550666294,15.923670320747057,77.33338014986379,119,Very good
Route option 676,675,676,15.083070226813406,60.09,355.19,0.3437162526913053,10.557896115684239,0.0327,0.782,85.34635657365541,89.68136391786378,71.19710304507684,80.77571669477236,82.44967413223259,2.4035728786033297,77.32510925568096,120,Very good
Route option 29,28,29,13.569973059768143,18.16,222.63,0.4381430068498976,9.498753483423547,0.1044,0.692,95.82073892733132,93.70560163203847,74.29183632411547,65.59865092748734,70.58299095778166,8.22574096630126,77.06754352249352,121,Very good
Route option 608,607,608,14.532308333224076,19.36,233.05,0.4392101436874769,10.172372030100094,0.0491,0.717,95.52097124728334,93.38927274714331,72.32357476020513,69.81450252951096,70.448883046648,3.735282176207877,77.057495408314,122,Very good
Route option 895,894,895,8.428158665204869,26.2,204.59,0.4765842017543983,5.899569669545752,0.0735,0.639,93.81229547100997,94.2532573982101,84.80837450029117,56.66104553119731,65.75205628419457,5.716605765326837,77.00844922184207,123,Very good
Route option 679,678,679,6.464098403742543,8.15,117.14,0.4732557063554201,4.524760436833997,0.1093,0.559,98.32130099173142,96.90805211837137,88.82546129786557,43.17032040472177,66.17035087346905,8.623629719853836,76.9345166007709,124,Very good
Route option 39,38,39,12.04052956761052,48.26,255.44,0.2345362326903531,8.42816869782045,0.0609,0.644,88.30156628612825,92.70956029677842,77.4200026948398,57.50421585160203,96.17041162740809,4.693463256191637,76.90978348616208,125,Very good
Route option 425,424,425,15.172993826660072,35.01,257.1,0.2760749181685836,10.620841126961961,0.0833,0.683,91.61150108665784,92.65916625177594,71.01318256523095,64.08094435075886,90.95021291947153,6.512383272431994,76.84425843471502,126,Very good
Route option 946,945,946,6.023282239257248,36.6,197.89,0.4427969854312121,4.216196517103883,0.0532,0.6,91.21430891059428,94.45665504972618,89.72706132982836,50.084317032040474,69.99812187256047,4.068209500609013,76.78604419321577,127,Very good
Route option 216,215,216,15.932803673920532,21.66,267.34,0.3009224770302534,11.152695272995771,0.1324,0.676,94.94641652719142,92.34830178139913,69.45914567237894,62.90050590219225,87.82760099346235,10.499390986601705,76.71156090892761,128,Very good
Route option 534,533,534,1.7014486056859388,3.72,33.53,0.686680037225343,1.1909854794068093,0.4237,0.495,99.42794334390847,99.44627266214131,98.56649521654943,32.377740303541316,39.349150264381855,34.153471376370284,76.53460366131229,129,Very good
Route option 912,911,912,1.0722172822292593,2.42,24.21,0.7506646098661416,0.7505341093680935,0.2924,0.52,99.75269166396042,99.72920790275771,99.85346023064534,36.593591905564935,31.3081595690355,23.491676816889974,76.48386314986601,130,Very good
Route option 168,167,168,7.186972336660634,25.27,211.85,0.6326060015098851,5.03076006248831,0.0761,0.66,94.04461542304713,94.0328593459703,87.346969324267,60.202360876897146,46.144676124791765,5.927730410069023,76.40356359323229,131,Very good
Route option 860,859,860,9.58586683318554,15.0,126.15,0.6872231557655326,6.709945964690894,0.125,0.68,96.61012715145762,96.6345278138699,82.44051731775409,63.57504215851604,39.28089613767772,9.898497766950873,76.39708325632255,132,Very good
Route option 239,238,239,4.869488947350602,11.0,102.91,0.714221240047892,3.408560569532132,0.3333,0.581,97.6093527516175,97.34004444390474,92.08691142760348,46.880269814502526,35.88802601997994,26.81282988225741,76.3171053550167,133,Very good
Route option 87,86,87,6.168211297874898,15.82,147.21,0.5773305462281282,4.317644426715078,0.1189,0.59,96.40528590342485,95.99519131522386,89.43063834353751,48.397976391231026,53.09118531063625,9.403166869671134,76.2966271824075,134,Very good
Route option 978,977,978,1.559481189249608,3.49,25.69,0.8351165241556135,1.0916106696361643,0.8909,0.481,99.48539881591766,99.68427827227356,98.85686076461441,30.016863406408095,20.695022230163428,72.09094600081202,76.22557281313041,135,Very good
Route option 300,299,300,17.60417181759883,23.11,297.43,0.2607948050526654,12.322624933646008,0.083,0.684,94.58419724713347,91.43483382108293,66.0407012205485,64.24957841483982,92.87047654424713,6.488022736500204,76.1753459929981,136,Very good
Route option 109,108,109,14.568319881512638,19.6,229.25,0.550806413359176,10.197579509749673,0.1942,0.714,95.46101771127375,93.50463260919722,72.24992044417998,69.30860033726812,56.42449358790964,15.517661388550552,76.13566267081131,137,Very good
Route option 306,305,306,20.45373702062239,28.42,358.54,0.4157075193753634,14.317272769662054,0.102,0.8,93.25772526292123,89.57966509210574,60.21249371566745,83.81112984822936,73.40247600835865,8.030856678846934,76.12461790434634,138,Very good
Route option 495,494,495,26.052497647836805,30.53,494.35,0.2842121299843402,18.236311280377873,0.0951,0.857,92.73063375883692,85.45676433801654,48.76136472555329,93.42327150084319,89.92760322160132,7.470564352415754,75.87876364070857,139,Very good
Route option 900,899,900,2.8409834295464615,4.54,42.38,0.861162921963984,1.9886407385553135,0.722,0.523,99.22310209587569,99.17760561498949,96.2358079224141,37.099494097807764,17.42175128717909,58.375964271213974,75.8199656846167,140,Very good
Route option 772,771,772,14.460486937346708,34.79,361.95,0.3473759194370874,10.122098257906904,0.0559,0.689,91.66645849466663,89.47614479484159,72.470470854395,65.09274873524451,81.98976098385378,4.287454323995128,75.77803693313443,141,Very good
Route option 634,633,634,9.180701348612738,18.96,145.02,0.7751926054825866,6.4263369228012674,0.2004,0.687,95.62089380729934,96.06167502519702,83.26920111674224,64.75548060708265,28.225707403033677,16.02111246447422,75.72853653062845,142,Very good
Route option 500,499,500,20.97162622011703,25.36,196.94,0.4041859474754268,14.679786520872936,0.0379,0.764,94.02213284704354,94.48549501523964,59.1532564271194,77.74030354131534,74.85040085366865,2.8258221680876985,75.6642315812708,143,Very good
Route option 336,335,336,19.808105269203995,27.83,319.48,0.264071607736929,13.865341375194046,0.0347,0.72,93.40511103894482,90.765443042586,61.53300247785107,70.32040472175379,92.45867821838243,2.565976451481933,75.65560902453204,144,Very good
Route option 959,958,959,14.429507877767358,20.34,303.39,0.6177011947457416,10.100413435925573,0.1406,0.743,95.2761609752442,91.25390098480894,72.53383223575344,74.19898819561553,48.017774710277884,11.16524563540398,75.63930784287008,145,Very good
Route option 764,763,764,22.9359978451105,47.07,490.96,0.2562944863248235,16.05481370283286,0.0832,0.815,88.59883590217582,85.55967747811198,55.13553279861127,86.34064080944351,93.43603507692373,6.504263093788063,75.55253069998086,146,Very good
Route option 356,355,356,6.907362403780822,19.4,159.44,0.547022619525723,4.835037800384769,0.1471,0.571,95.51097899128176,95.62391470656094,87.91885471489442,45.19392917369308,56.90000588332982,11.693057247259443,75.5201317037267,147,Very good
Route option 666,665,666,15.469772401019808,26.56,384.64,0.5259058232953123,10.828581150069509,0.0726,0.75,93.72236516699559,88.78732498694613,70.40618220161898,75.37942664418213,59.55376998608459,5.643524157531466,75.41692211651456,148,Very good
Route option 9,8,9,4.202941720654877,6.0,60.09,0.7070375807941831,2.9419886932611785,0.5714,0.496,98.85838475181734,98.63996794210149,93.45019855114909,32.54637436762226,36.790802030408116,46.146975233455144,75.35792401480906,149,Very good
Route option 25,24,25,21.520872634633907,24.75,339.05,0.2071989258266046,15.064249796530994,0.1165,0.705,94.17451475106793,90.17133975300847,58.02988431697443,67.79089376053963,99.60591210908304,9.20828258221681,75.35582607218596,150,Very good
Route option 659,658,659,11.387708680234246,19.32,235.23,0.6654922132037663,7.971205028791397,0.1476,0.69,95.53096350328497,93.3230926157545,78.75521537609814,65.26138279932546,42.01184048454753,11.733658140479093,75.29975858317623,151,Very good
Route option 859,858,859,2.7649220962798933,20.74,68.26,0.7437806368014066,1.9353990813215445,0.138,0.561,95.1762384152282,98.39194423868561,96.39137594833788,43.50758853288366,32.1732737844777,10.954120990661798,75.27803165242484,152,Very good
Route option 822,821,822,12.20516220057683,18.79,228.93,0.5485874854746462,8.543408778916133,0.1516,0.655,95.66336089530614,93.51434712389648,77.0832800446669,59.35919055649242,56.70334797009507,12.0584652862363,75.25145778762705,153,Very good
Route option 38,37,38,8.411094608011794,16.99,144.63,0.5618512280410684,5.88762511578797,0.0556,0.595,96.11301241537808,96.07351458998676,84.84327556733497,49.24114671163575,55.036483190661286,4.263093788063338,75.21315664370317,154,Very good
Route option 987,986,987,3.531767361240094,9.94,76.62,0.9537263336239948,2.472177901714576,0.2742,0.615,97.87414753565986,98.13815254216706,94.82294953592194,52.61382799325464,5.789235804641183,22.013804303694684,75.11057679384567,155,Very good
Route option 67,66,67,10.866825324662743,19.23,116.44,0.5934942575337654,7.606595418558561,0.0989,0.634,95.55344607928855,96.92930261927603,79.82057660344898,55.817875210792586,51.0598792184546,7.7791311408851,75.11021341162339,156,Very good
Route option 963,962,963,17.444912259222292,31.69,180.18,0.4176020589847917,12.211145914621081,0.0306,0.704,92.44085833479055,94.99429272261418,66.36643433673383,67.62225969645868,73.16438775141427,2.233049127080796,75.0311819664516,157,Very good
Route option 870,869,870,18.299469188414815,29.21,321.23,0.4512878552714966,12.80932142847062,0.0331,0.749,93.06037820688967,90.71231679032434,64.61861151001513,75.21079258010118,68.93106769741718,2.43605359317905,74.96625984236749,158,Good
Route option 545,544,545,5.341630984514274,38.9,243.78,0.4436602930308547,3.7390520745945417,0.0251,0.55,90.63975419050236,93.06353292613325,91.1212406784494,41.65261382799327,69.88962933929129,1.7864393016646372,74.92977525755049,159,Good
Route option 37,36,37,6.590693459508735,25.77,135.32,0.8048033934192618,4.613374852031948,0.1494,0.647,93.91971222302716,96.35614625201879,88.56653679481701,58.01011804384486,24.50449679782509,11.879821356069836,74.84327025006841,160,Good
Route option 16,15,16,21.14368452743462,85.01,636.13,0.2107275630976985,14.800224449436724,0.0465,0.836,79.1211810846594,81.15262716906898,58.80134606657686,89.88195615514333,99.16246553605669,3.524157531465693,74.82394382859752,161,Good
Route option 448,447,448,10.536567998538724,13.58,175.61,0.4209911532985149,7.37542083087664,0.2743,0.537,96.96485223951439,95.1330281356632,80.49605096164778,39.46037099494099,72.73847764968887,22.021924482338616,74.81060700352148,162,Good
Route option 173,172,173,9.56919042162201,15.86,99.19,0.6555812117304086,6.698272756370406,0.2372,0.603,96.39529364742324,97.45297567728382,82.47462553430795,50.5902192242833,43.2573636995923,19.009338205440525,74.78255737360632,163,Good
Route option 24,23,24,3.5606360850151644,5.02,60.81,0.6568745299476118,2.492385524037234,0.4983,0.457,99.10319502385651,98.61811028402812,94.7639044183076,25.969645868465435,43.09483139967315,40.21112464474219,74.74920571205135,164,Good
Route option 393,392,393,22.09593758464817,60.72,484.55,0.3345688739468333,15.466785613889211,0.0648,0.826,85.18897854163023,85.75427135068183,56.85370563051696,88.19561551433388,83.59923228875934,5.0101502233049136,74.6516302289996,165,Good
Route option 943,942,943,15.531435698090604,39.52,269.21,0.4339128190781923,10.871744423516759,0.0247,0.696,90.48487422247759,92.29153258612524,70.2800624376696,66.27318718381112,71.11460192442523,1.7539585870889163,74.57909252969716,166,Good
Route option 683,682,683,1.7199760440927383,8.95,68.53,0.7815823356227447,1.203954375463594,0.3015,0.501,98.12145587169944,98.3837476169081,98.52860110012276,33.38954468802699,27.4227050779072,24.23061307348762,74.5649010718227,167,Good
Route option 881,880,881,17.246670254292496,23.77,328.1,0.2905087501392189,12.072379837002948,0.0807,0.648,94.4193250231071,90.50375830287429,66.7718981386109,58.17875210792581,89.13630210028654,6.30125862768981,74.54203476284731,168,Good
Route option 780,779,780,11.250087804988462,21.26,201.36,0.729502710435753,7.874872724933823,0.0898,0.693,95.04633908720741,94.3513132809559,79.03669095598124,65.7672849915683,33.967591825790294,7.040194884287455,74.54092913773505,169,Good
Route option 949,948,949,19.094757740561512,24.84,328.56,0.281562039664222,13.3660100727117,0.1548,0.662,94.15203217506433,90.48979368799408,62.99201012421448,60.539629005059034,90.26064212029844,12.318311002842064,74.42627326684907,170,Good
Route option 995,994,995,7.454036400375585,10.12,116.41,0.5512331910569184,5.217700426653851,0.2698,0.512,97.82918238365266,96.93021335502908,86.80074396371869,35.244519392917375,56.37086010479187,21.656516443361756,74.42088084989676,171,Good
Route option 548,547,548,20.969608520589112,30.12,207.64,0.4500349217893777,14.67837416505359,0.0321,0.752,92.83305438285329,94.16066592998263,59.15738322215422,75.71669477234401,69.08852481646623,2.3548518067397484,74.35802389455816,172,Good
Route option 786,785,786,12.856879385535224,36.94,209.75,0.38925434016888,8.999599874769075,0.1054,0.608,91.12937473458071,94.09661084868429,75.75032476278594,51.433389544688026,76.72686748403183,8.30694275274056,74.3574901023273,173,Good
Route option 559,558,559,4.766241688532012,6.69,56.88,0.5783034577684361,3.336289220500156,0.13,0.477,98.68601833578975,98.73741666767859,92.29808274878133,29.34232715008432,52.968918765434346,10.304506699147383,74.23979032940667,174,Good
Route option 4,3,4,13.2277637926258,37.94,384.55,0.5231810266424668,9.25921273754209,0.0257,0.702,90.87956833454072,88.79005719420529,74.99175595286536,67.28499156829679,59.89619728735364,1.835160373528218,74.22024015503668,175,Good
Route option 975,974,975,19.83339688768261,110.75,454.05,0.2475841304867116,13.883045083820956,0.0179,0.82,72.69116434763059,86.68018603295648,61.4812736033999,87.18381112984822,94.53067222704755,1.2017864393016646,74.19450724760688,176,Good
Route option 788,787,788,10.649359518217992,70.7,408.51,0.3053950397055713,7.454373002390559,0.0279,0.631,82.69591066923135,88.06268290609707,80.26535879121273,55.31197301854975,87.26553058535818,2.0138043036946818,74.10769629029936,177,Good
Route option 152,151,152,9.514318063651446,12.7,216.9,0.5508891487517149,6.659863026364246,0.146,0.569,97.18468187154954,93.87955216087236,82.58685581006905,44.85666104553119,56.41409616718581,11.60373528217621,74.05248934893527,178,Good
Route option 144,143,144,16.40315554600367,30.95,372.56,0.4120713350016289,11.481933692534746,0.0939,0.683,92.62571507082012,89.15404791684377,68.49713634270958,64.08094435075886,73.85943810889347,7.373122208688591,74.05102547468572,179,Good
Route option 906,905,906,3.6770865800476424,15.02,112.63,0.6691676098998381,2.573898916913126,0.2497,0.496,96.60513102345682,97.04496605991426,94.5257285561181,32.54637436762226,41.54995054115864,20.024360535931795,74.02693951014064,180,Good
Route option 316,315,316,7.442966875001099,17.28,138.25,0.6153304316596324,5.20995194460104,0.0547,0.564,96.0405685593665,96.26719772680356,86.8233844320942,44.013490725126466,48.31571033959424,4.190012180267966,74.01116915325568,181,Good
Route option 652,651,652,19.066651372374967,23.72,373.42,0.2052203283431096,13.346336086511252,0.0809,0.635,94.43181534310908,89.12794015858945,63.04949599813868,55.986509274873534,99.85456398402695,6.31749898497767,73.97295830250066,182,Good
Route option 707,706,707,6.890154226908236,10.94,79.26,0.661737301299197,4.8229923652691715,0.335,0.518,97.6243411356199,98.05800779589804,87.95405054950375,36.25632377740304,42.483723165642985,26.950872919204226,73.97216314168465,183,Good
Route option 377,376,377,16.009361440132423,91.54,427.61,0.3467242788877918,11.206284424962796,0.0432,0.755,77.48994529239839,87.4828478099841,69.30256229358149,76.22259696458686,82.07165315531536,3.256191636215997,73.93469348413159,184,Good
Route option 53,52,53,9.122952468000513,36.11,163.19,0.6224379592030395,6.3859136752043,0.0539,0.621,91.33671404661388,95.51007273742881,83.38731473597983,53.62563237774031,47.4225018600394,4.125050751116525,73.88981523991133,185,Good
Route option 828,827,828,5.674564588347321,7.98,119.5,0.6100671225060084,3.9721000117738616,0.4454,0.467,98.36376807973821,96.83640757246421,90.44029253715824,27.655986509274882,48.97715446876916,35.915550142103136,73.8747985205671,186,Good
Route option 427,426,427,6.690809049825755,35.96,166.75,0.7803824272123896,4.683454085651668,0.0541,0.64,91.37418500661988,95.40199876139937,88.3617706662083,56.82967959527825,27.573498495206373,4.141291108404386,73.77602974415244,187,Good
Route option 348,347,348,18.734079551055384,27.67,364.25,0.5752320373327704,13.113541391021865,0.0698,0.767,93.44508006295122,89.40632172044054,63.72970418669674,78.24620573355818,53.35490654538454,5.416159155501422,73.7582461623777,188,Good
Route option 880,879,880,10.120658989914048,44.66,416.1,0.5560853309743954,7.084291502390827,0.0438,0.662,89.20086932627214,87.83226676057365,81.34670845944497,60.539629005059034,55.761087931302775,3.3049127080795784,73.59258456177646,189,Good
Route option 424,423,424,23.467627435212645,87.35,458.7,0.2064065125390263,16.426945496951546,0.034,0.805,78.53663410856586,86.53902199123266,54.04819232871696,84.65430016863407,99.70549529936325,2.509135200974422,73.5540456258508,190,Good
Route option 484,483,484,8.291002500850666,15.26,155.85,0.8646139108758086,5.803562655516002,0.246,0.633,96.54517748744723,95.73289941834344,85.08889960832578,55.64924114671164,16.988062843473973,19.72391392610638,73.54269049323463,191,Good
Route option 563,562,563,3.4610745617347143,8.58,38.05,0.941023969478726,2.422694128047736,0.1044,0.574,98.21388423971422,99.30905514201406,94.96753731520177,45.699831365935914,7.385551724017665,8.22574096630126,73.5362806990501,192,Good
Route option 26,25,26,13.747731757140508,35.35,257.15,0.4062486992186701,9.623181589392347,0.055,0.614,91.52656691064425,92.65764835885417,73.92826697220725,52.4451939291737,74.5911732478621,4.214372716199757,73.47778454338243,193,Good
Route option 550,549,550,4.234482362871837,10.61,105.09,0.8725061158553002,2.964066613667373,0.3445,0.544,97.70677724763308,97.27386431251594,93.38568856643894,40.6408094435076,15.996243344074934,27.72228989037759,73.45645117126745,194,Good
Route option 376,375,376,14.493677538515508,22.61,222.68,0.3729007986790098,10.145331121898636,0.1694,0.573,94.70910044715345,93.70408373911671,72.40258621339143,45.53119730185497,78.78202968217957,13.50385708485587,73.44291867343364,195,Good
Route option 446,445,446,15.814329218223191,32.78,362.99,0.6050804426246499,11.069765141609716,0.0888,0.729,92.16856935874698,89.44457262206895,69.70146113548864,71.8381112984823,49.60383438350077,6.958993097848154,73.42394903297429,196,Good
Route option 604,603,604,16.561752967794718,20.03,228.36,0.3251415350572952,11.592949227058249,0.0951,0.591,95.35360095925658,93.53165110320457,68.17275749257604,48.566610455311974,84.78397325308855,7.470564352415754,73.38548741962828,197,Good
Route option 225,224,225,1.607797777588425,6.94,37.71,0.727227744879201,1.1254314708838211,0.2519,0.441,98.62356673577978,99.31937681388204,98.75803898560484,23.271500843170323,34.25348850552842,20.20300446609826,73.3678976988254,198,Good
Route option 449,448,449,3.824731527752219,7.52,41.45,0.833912620287051,2.677247903321703,0.3521,0.503,98.4786790237566,99.20583842333427,94.22375076969772,33.726812816188875,20.846317759783485,28.339423467316287,73.33980669442454,199,Good
Route option 552,551,552,6.438906840774427,38.94,305.82,0.817255780844661,4.507126765385841,0.0501,0.666,90.62976193450076,91.1801313888113,88.87698552906922,61.21416526138282,22.939595646033425,3.816483962647179,73.30884186194199,200,Good
Route option 204,203,204,3.059209083398859,10.23,48.93,0.9399815585880278,2.1413950351609885,0.2671,0.545,97.80170367964827,98.97876164223871,95.78947162093532,40.80944350758855,7.5165523062968935,21.437271619975643,73.28886848275742,201,Good
Route option 307,306,307,5.267545572992804,15.32,148.37,0.7238165708816706,3.6871935294330336,0.0613,0.546,96.53018910344483,95.95997619943898,91.27276735731728,40.97807757166949,34.682173378182554,4.725943970767358,73.21635495059661,202,Good
Route option 555,554,555,4.543507287638992,12.84,70.44,0.6820090908597829,3.1803788766076253,0.289,0.469,97.14970897554396,98.3257641072968,92.75364077760007,27.99325463743676,39.93615170416301,23.215590742996348,73.03655044602165,203,Good
Route option 400,399,400,32.20821355528242,39.54,405.41,0.2751927435332816,22.54520914342299,0.0247,0.868,90.47987809447677,88.1567922672463,36.17109670444509,95.27824620573355,91.06107648769375,1.7539585870889163,73.01956306772642,204,Good
Route option 485,484,485,23.67110464820428,40.12,450.48,0.4339320671073984,16.569376132383823,0.0243,0.806,90.3349903824536,86.78856358757028,53.63202097086494,84.82293423271503,71.11218300971872,1.7214778725131954,72.99459507786156,205,Good
Route option 318,317,318,20.334227704284675,38.34,339.55,0.538031504179084,14.23361825318921,0.1017,0.761,90.77964577452474,90.15616082379084,60.45692577626518,77.23440134907253,58.02992629788004,8.006496142915145,72.95159047047767,206,Good
Route option 223,222,223,5.7301890395766,28.33,177.27,0.8108824536704109,4.011036194443531,0.1364,0.592,93.28020783892484,95.08263409066072,90.32652400722063,48.735244519392914,23.740536597756932,10.824198132358914,72.91651185799451,207,Good
Route option 331,330,331,13.62275379635237,22.77,235.23,0.4263087278290922,9.53569911354963,0.1683,0.566,94.66913142314706,93.3230926157545,74.18388403555336,44.350758853288355,72.0702139486523,13.414535119772639,72.89231573818019,208,Good
Route option 414,413,414,2.3492992736038087,3.34,35.97,0.7585390885719241,1.6444700781985098,0.2304,0.446,99.52286977592367,99.37219948755936,97.24144811083843,24.114671163575046,30.31856774415354,18.45716605765327,72.86702519041924,209,Good
Route option 137,136,137,4.890922647508447,9.2,84.52,0.8059400826986598,3.423563800057371,0.2941,0.511,98.05900427168945,97.89832546052871,92.04307314238551,35.075885328836435,24.361648177573283,23.629719853836786,72.83506210825645,210,Good
Route option 273,272,273,24.895686362441957,47.04,351.19,0.389069272215001,17.42656278799614,0.0416,0.791,88.60633009417701,89.80279535160471,51.12738751672,82.29342327150086,76.75012511682876,3.1262687779131144,72.75368257321506,211,Good
Route option 523,522,523,15.67038383021238,28.34,359.59,0.5904835576811022,10.96900578492063,0.1363,0.688,93.27770977492445,89.54778934074874,69.99587222311963,64.92411467116357,51.438236195809935,10.816077953714984,72.733518330414,212,Good
Route option 941,940,941,14.000980740217882,19.71,307.31,0.7019172442526771,9.800451628882078,0.1931,0.675,95.43353900726937,91.1348981797428,73.41029755630866,62.73187183811131,37.43427868091932,15.42833942346732,72.72748103336716,213,Good
Route option 73,72,73,11.039182433384916,16.47,184.36,0.5829613764554658,7.727242503092679,0.1717,0.56,96.24291174339886,94.8673968743549,79.46805510525398,43.33895446880271,52.38355452408277,13.690621193666264,72.67975290571637,214,Good
Route option 869,868,869,14.84230723266976,31.1,346.44,0.4528037782931151,10.389366058975304,0.0935,0.628,92.58824411081412,89.94699517917208,71.68953490376066,54.80607082630692,68.7405604796832,7.34064149411287,72.63173387187275,215,Good
Route option 921,920,921,16.939461567128525,28.22,306.76,0.4816132660015026,11.857338909914578,0.0342,0.666,93.30768654292922,91.15159500188219,67.40023118190955,61.21416526138282,65.12004989346218,2.5253755582622825,72.62302092397557,216,Good
Route option 455,454,455,29.442912448691104,36.95,475.81,0.3487469126995076,20.609544761241967,0.0791,0.842,91.1268766705803,86.0195990334058,41.826959095518134,90.893760539629,81.81746720096973,6.1713357693869275,72.55510053116888,217,Good
Route option 651,650,651,11.235253476253025,15.07,182.51,0.4721729907642678,7.864488943689058,0.1245,0.521,96.59264070345482,94.92355891246007,79.06703156583077,36.762225969645876,66.30641657860453,9.857896873731223,72.54597951011685,218,Good
Route option 491,490,491,15.00339422076764,22.75,331.43,0.5671757744522791,10.502124248147059,0.0842,0.655,94.67412755114786,90.40266663428496,71.36006415082805,59.35919055649242,54.36734332799718,6.585464880227365,72.49322056290316,219,Good
Route option 808,807,808,8.921900375611134,14.47,136.11,0.6598712302879,6.2451805835082554,0.1939,0.536,96.74252454347881,96.33216354385496,83.79852600164679,39.29173693086005,42.718233751857746,15.493300852618761,72.46940492186718,220,Good
Route option 865,864,865,22.394095298669537,98.95,401.32,0.2864619949331106,15.675491011622585,0.02,0.794,75.63887986810222,88.28095590824641,56.24388451652608,82.79932546374368,89.64486095464252,1.3723101908241986,72.43790498215544,221,Good
Route option 279,278,279,32.07109753744024,56.87,318.76,0.2645667633551888,22.449230231278133,0.0346,0.853,86.15073318178412,90.78730070065937,36.45153970093426,92.74873524451941,92.39645162914618,2.557856272838003,72.41777672718267,222,Good
Route option 852,851,852,12.77954673178184,21.03,233.73,0.43384243724387,8.945468314523009,0.0454,0.553,95.10379455921661,93.36862940340737,75.90849301684084,42.1585160202361,71.12344686394032,3.434835566382461,72.38739771549537,223,Good
Route option 111,110,111,7.894864874389162,58.25,260.64,0.6993536583170163,5.5262729628472504,0.0338,0.637,85.80600034972896,92.5516994329152,85.89911875511315,56.32377740303542,37.75644650676528,2.4928948436865612,72.31136451877506,224,Good
Route option 339,338,339,6.930225023774459,29.32,254.44,0.6479949371708464,4.851041250822603,0.0989,0.551,93.03289950288527,92.73991815521366,87.87209386405065,41.82124789207421,44.21073668667521,7.7791311408851,72.29686680175907,225,Good
Route option 170,169,170,16.930096756153247,66.32,422.69,0.4041457830193846,11.85078369934185,0.0446,0.703,83.79006270140641,87.63220847348543,67.41938500283283,67.45362563237774,74.85544835190125,3.36987413723102,72.28406415421381,226,Good
Route option 991,990,991,9.783524983481712,24.21,114.64,0.8446342927665877,6.8483033538606035,0.1587,0.627,94.30941020708951,96.98394676445945,82.03624767207806,54.637436762225974,19.49891689285117,12.634997969955341,72.2768622525574,227,Good
Route option 317,316,317,14.461844750456455,23.79,201.07,0.4384460574358476,10.1230487043042,0.121,0.566,94.4143288951063,94.36011705990211,72.46769372315124,44.350758853288355,70.54490635642748,9.573690621193668,72.2751395591496,228,Good
Route option 656,655,656,21.40871716329007,44.78,370.22,0.4613512180253987,14.985742848181129,0.0437,0.75,89.17089255826735,89.2250853055822,58.259275579580404,75.37942664418213,67.66639712249135,3.2967925294356486,72.25137913522235,229,Good
Route option 70,69,70,17.18053817870338,43.41,480.91,0.2659466176151926,12.026088493563915,0.0676,0.626,89.5131273263221,85.8647739553861,66.90715788239669,54.468802698145026,92.2230442778474,5.237515225334957,72.18031045562131,230,Good
Route option 293,292,293,11.142636343482913,17.09,106.4,0.7404258948960454,7.799658504553327,0.0553,0.606,96.08803177537409,97.23409551796578,79.25646112080939,51.09612141652614,32.594866792494415,4.2387332521315475,72.16918836403156,231,Good
Route option 526,525,526,14.6592337483131,61.24,347.6,0.4968848728796312,10.261217691281711,0.0321,0.68,85.05907921360945,89.91178006338721,72.0639745741848,63.57504215851604,63.2008552541638,2.3548518067397484,72.1630020464021,232,Good
Route option 361,360,361,1.5736239258142992,2.51,24.48,0.8911638576076084,1.1015103479639925,0.2849,0.451,99.73020908795684,99.72101128098019,98.82793466624035,24.957841483979767,13.65151051810583,22.88266341859521,72.0980802598838,233,Good
Route option 36,35,36,18.12581223225412,49.11,454.22,0.5855889494611248,12.687764472536596,0.0599,0.755,88.08923084609428,86.67502519702249,64.9737915824334,76.22259696458686,52.05334539369662,4.612261469752336,71.87676611000636,234,Good
Route option 401,400,401,17.689604162483292,27.5,275.85,0.4325778460965321,12.38242614179831,0.0702,0.625,93.48754715095801,92.08995640611529,65.86596669154495,54.300168634064086,71.28236901078728,5.448639870077142,71.8426950056963,235,Good
Route option 777,776,777,3.151097189507251,6.3,45.61,0.8508925807845755,2.2057151678641254,0.411,0.444,98.78344283180535,99.07954973224369,95.60153314208878,23.77740303541316,18.71243300080514,33.12220868859115,71.7558161399247,236,Good
Route option 971,970,971,19.64536778362483,39.49,255.46,0.3708538402689538,13.751427865475177,0.0741,0.641,90.49236841447878,92.70895313960972,61.86584898852981,56.9983136593592,79.0392725275983,5.765326837190419,71.69858288444135,237,Good
Route option 328,327,328,1.0766901543821723,6.96,31.83,0.8730717752048387,0.7536650448354124,0.2513,0.436,98.61857060777898,99.49788102148122,99.8443118781099,22.428330522765602,15.925156496438882,20.154283394234678,71.67026421928826,238,Good
Route option 477,476,477,7.401964847349682,21.59,223.38,0.8687483920132064,5.181251213120887,0.0885,0.606,94.96390297519423,93.68283323821204,86.90724576119092,51.09612141652614,16.468479403532353,6.934632561916362,71.66896253473328,239,Good
Route option 5,4,5,14.325536580302918,20.82,258.06,0.5680937465626604,10.02763527198843,0.1375,0.598,95.15625390322501,92.63002270767811,72.7464844310889,49.747048903878586,54.25198106341503,10.913520097442147,71.66416032194216,240,Good
Route option 49,48,49,27.633372649789656,33.79,543.65,0.3529684141973934,19.34289725999023,0.0287,0.802,91.9162648947066,83.96012191715947,45.52800563593351,84.14839797639124,81.28694784507037,2.078765732846123,71.61959143778418,241,Good
Route option 795,794,795,22.412798397615425,118.1,772.03,0.2946897822810384,15.68858286710974,0.0084,0.869,70.8550873073368,77.0269942077206,56.20563112210459,95.44688026981451,88.6108685596415,0.4303694681282988,71.5998054668711,242,Good
Route option 573,572,573,16.753289361146216,55.22,490.2,0.5248879844020463,11.727021489069136,0.0178,0.72,86.56291374185005,85.58274945052277,67.78100865875234,70.32040472175379,59.68168258645562,1.1936662606577346,71.46631731919187,243,Good
Route option 47,46,47,4.315749733100078,8.06,83.38,0.9985872206629762,3.0209524094345577,0.1104,0.553,98.34378356773502,97.93293341914487,93.2194726481074,42.1585160202361,0.15153345894444994,8.71295168493707,71.44271569359135,244,Good
Route option 855,854,855,5.988380464527308,16.27,156.32,0.8445403032341634,4.191765860327079,0.0579,0.551,96.29287302340687,95.71863122487886,89.79844582918946,41.82124789207421,19.510728630032364,4.449857896873732,71.38972764321628,245,Good
Route option 151,150,151,17.425194321172764,42.67,425.61,0.5925554767415873,12.197343688786958,0.0916,0.714,89.69798406235168,87.54356352685456,66.40676337865192,69.30860033726812,51.177856526160504,7.186358099878198,71.38882398756782,246,Good
Route option 226,225,226,23.969630307760784,75.68,496.63,0.240364456496099,16.778339085818903,0.0261,0.75,81.4518747970323,85.3875484207842,53.02144729893048,75.37942664418213,95.43797423729701,1.867641088103939,71.33631127526725,247,Good
Route option 730,729,730,24.71977641579988,55.37,486.13,0.4349059134078994,17.303428776522736,0.0532,0.797,86.52544278184408,85.70630593435416,51.487175624082745,83.30522765598653,70.98979899248089,4.068209500609013,71.28157955473618,248,Good
Route option 508,507,508,22.518341015053668,37.91,366.2,0.4796681566275136,15.76246092866709,0.0514,0.733,90.88706252654194,89.34712389649185,55.98976511055109,72.51264755480608,65.3644932918026,3.922046285018271,71.2793597166369,249,Good
Route option 825,824,825,16.761829493317883,25.04,185.92,0.5327916863801934,11.732999438314668,0.0384,0.615,94.10207089505633,94.82003861519593,67.76354155101157,52.61382799325464,58.688418250349905,2.866423061307349,71.26023586655464,250,Good
Route option 743,742,743,10.595821122579231,25.53,261.21,0.7447337700938013,7.4168970236372695,0.1131,0.604,93.97966575903676,92.53439545360712,80.37486071765754,50.75885328836425,32.05349278697701,8.932196508323184,71.20025718372987,251,Good
Route option 824,823,824,11.881717663972708,48.44,260.23,0.5109058323190712,8.317003029602493,0.0607,0.575,88.25660113412106,92.56414615487365,77.74482022407699,45.868465430016855,61.43883044506978,4.677222898903777,71.15179178927373,252,Good
Route option 131,130,131,8.949436883341487,19.13,135.68,0.5770931875262748,6.264455676949707,0.1987,0.472,95.57842671929255,96.34521742298212,83.74220566167281,28.499156829679595,53.12101436214491,15.883069427527408,71.12636651739993,253,Good
Route option 227,226,227,15.76199777724002,95.93,357.99,0.2836502918034732,11.033134010866707,0.0206,0.639,76.39329519622294,89.59636191424512,69.80849448105158,56.66104553119731,89.99820986001717,1.4210312626877795,71.05313669773209,254,Good
Route option 338,337,338,19.08359806628491,32.33,221.01,0.671428582290281,13.358198487939802,0.12,0.703,92.28098223876496,93.75478136270354,63.01483497387994,67.45362563237774,41.26581239342029,9.492488834754365,71.05279227131899,255,Good
Route option 685,684,685,17.52993179168554,50.27,497.72,0.3300125158056922,12.270658161004135,0.039,0.638,87.79945542204793,85.35445835508979,66.19254413178678,56.49241146711637,84.1718333378163,2.9151441331709305,71.04034162223769,256,Good
Route option 258,257,258,22.09094310572852,30.14,325.99,0.4112102768575144,15.463289562435982,0.0963,0.669,92.8280582548525,90.56781338417264,56.863920823870515,61.720067453625646,73.96764795134794,7.568006496142915,71.01433314443973,257,Good
Route option 985,984,985,27.77508548781452,31.54,577.56,0.2422052918656726,19.442093869143818,0.0307,0.747,92.47832929479652,82.93068693762066,45.238160776360495,74.8735244519393,95.20663503368144,2.2411693057247266,70.99877029961581,258,Good
Route option 175,174,175,12.13179829415223,94.3,290.72,0.6492674887735266,8.49205527521801,0.021,0.704,76.80047962828807,91.63853505118334,77.23333103123761,67.62225969645868,44.050814143253014,1.4535119772635001,70.99834464618388,259,Good
Route option 451,450,451,14.24213691440838,23.77,224.85,0.7451680923402175,9.969256905027573,0.0807,0.648,94.4193250231071,93.63820718631224,72.91706152760712,58.17875210792581,31.99891117459646,6.30125862768981,70.99147629421495,260,Good
Route option 765,764,765,7.579467694211501,28.16,164.16,0.7048273405696392,5.305500228024613,0.1029,0.523,93.32267492693163,95.48062561474664,86.54419969959525,37.099494097807764,37.06856462764871,8.103938286642308,70.928662229893,261,Good
Route option 793,792,793,28.90744919878808,32.39,456.88,0.2266585595516067,20.234729469578554,0.1198,0.722,92.26599385476256,86.59427329358478,42.9221405387648,70.65767284991568,97.1604048991495,9.476248477466505,70.82397604813208,262,Good
Route option 155,154,155,5.931236447653133,10.4,125.83,0.9548425165195276,4.151766007199171,0.1754,0.546,97.75923659164148,96.64424232856918,89.91532232236526,40.97807757166949,5.648964237498441,13.99106780349168,70.81959169289178,263,Good
Route option 748,747,748,8.201172769822275,38.81,184.36,0.7364324052048727,5.740683350836268,0.0502,0.566,90.66223676650596,94.8673968743549,85.27262809854794,44.350758853288355,33.096731728421254,3.824604141291109,70.7951389033735,264,Good
Route option 369,368,369,17.81520030546025,40.04,314.28,0.3187865464042275,12.470341334802189,0.0731,0.577,90.3549748944568,90.92330390644922,65.609085261948,46.20573355817875,85.58260958868185,5.684125050751117,70.7415409987097,265,Good
Route option 833,832,833,6.806628556309426,19.2,115.21,0.9559736509120608,4.764525797129257,0.198,0.563,95.56094027128975,96.96664278515136,88.12488536308082,43.844856661045526,5.506813704172128,15.8262281770199,70.64770206353575,266,Good
Route option 756,755,756,15.234720777899598,28.74,268.99,0.5321710053474646,10.664048957259421,0.0672,0.589,93.17778721490845,92.298211314981,70.88693260959354,48.22934232715008,58.76641971543693,5.205034510759236,70.59969502088794,267,Good
Route option 209,208,209,15.318693292632991,96.38,793.91,0.4614184785240361,10.722828308797006,0.0308,0.762,76.28088231620495,76.36276426515768,70.71518386699464,77.40303541315346,67.65794444364417,2.249289484368657,70.56639128423473,268,Good
Route option 919,918,919,21.708830653666848,62.39,603.27,0.2287142009511459,15.195817256551953,0.0631,0.683,84.77180185356349,82.15018639725079,57.64545432184113,64.08094435075886,96.9020708557316,4.872107186358101,70.54576254566598,269,Good
Route option 337,336,337,23.35558893882156,28.12,343.61,0.3465356219426341,16.348520429106163,0.1374,0.645,93.33266718293322,90.0329079185438,54.27734434278887,57.672849915682974,82.0953618194201,10.905399918798215,70.53182726701114,270,Good
Route option 936,935,936,9.198743896051958,18.02,131.94,0.749493194987928,6.4389664033155825,0.1577,0.525,95.85571182333692,96.45875581352989,83.2322987464154,37.43676222596966,31.455372182128734,12.553796183516042,70.53154768655983,271,Good
Route option 31,30,31,10.706784005227266,23.5,147.98,0.6721019247412336,7.494569179907693,0.0408,0.544,94.48677275111788,95.97181576422872,80.14790865327721,40.6408094435076,41.18119292720478,3.0613073487616735,70.52804141524872,272,Good
Route option 753,752,753,13.73534398289881,29.74,242.74,0.6051651016292112,9.61451035524826,0.1301,0.58,92.92798081486848,93.0951050989059,73.9536036511952,46.71163575042158,49.59319522096738,10.312626877791313,70.5102961116243,273,Good
Route option 709,708,709,1.8600658049648169,7.19,48.88,0.8933530787195161,1.3020148578399948,0.2442,0.423,98.56111513576978,98.98027953516046,98.24207591557696,20.236087689713322,13.376389408995212,19.577750710515634,70.43254192744826,274,Good
Route option 450,449,450,17.779950962900955,28.5,310.05,0.380191921868197,12.44566738637585,0.1356,0.563,93.23774075091804,91.05171764763026,65.68118064078973,43.844856661045526,77.86574859592447,10.759236703207472,70.37169486686902,275,Good
Route option 117,116,117,22.5758475000491,84.11,489.51,0.4770128332277988,15.802714503398885,0.0117,0.8,79.34600684469537,85.60369637284306,55.872147262370575,83.81112984822936,65.69818983565713,0.6983353633779945,70.32493918048081,276,Good
Route option 394,393,394,7.987113060013528,31.09,305.24,0.8668592877165895,5.590845145170649,0.0312,0.608,92.59074217481452,91.19773894670375,85.71044380666939,51.433389544688026,16.705884600514942,2.2817701989443773,70.25666205490732,277,Good
Route option 320,319,320,21.140032688011743,45.71,459.95,0.4104206685942272,14.79766822310627,0.0214,0.688,88.93857260623018,86.50107466818862,58.80881516323358,64.92411467116357,74.06687863205757,1.4859926918392208,70.2559436777226,278,Good
Route option 59,58,59,32.89769989039675,67.27,410.47,0.3267619521446104,23.02783801074604,0.0146,0.857,83.55274662136844,88.003181503564,34.76089228850035,93.42327150084319,84.58033418535845,0.9338205440519692,70.19078744301866,279,Good
Route option 57,56,57,23.65248248902975,32.86,426.4,0.2840780401709106,16.55634093337872,0.0591,0.646,92.14858484674377,87.51958081869073,53.670108819405115,57.84148397976392,89.94445439208863,4.547300040600894,70.14126757512987,280,Good
Route option 515,514,515,31.703033043567302,37.55,602.34,0.275247856182871,22.191591260448828,0.1038,0.796,90.97699283055631,82.17841920559556,37.204340950470275,83.13659359190557,91.0541504384251,8.177019894437679,70.07375240179346,281,Good
Route option 232,231,232,3.358998962939319,5.37,49.09,0.9421396331996156,2.3512429213754897,0.314,0.44,99.01576278384252,98.97390438488907,95.1763122435078,23.10286677908938,7.245345401953583,25.245635403978895,69.99940116083545,282,Good
Route option 595,594,595,8.000922105631174,15.92,125.63,0.8232043151392301,5.600511245433754,0.1773,0.511,96.38030526342085,96.65031390025621,85.68220020542854,35.075885328836435,22.19203874380791,14.145351197726356,69.96832238412695,283,Good
Route option 583,582,583,25.65111358821198,50.29,396.81,0.3029977623005704,17.955349172512264,0.0585,0.698,87.79445929404712,88.41786984978933,49.582314386983334,66.61045531197301,87.5667982896217,4.498578968737314,69.94174426530678,284,Good
Route option 364,363,364,24.81402419608255,36.09,302.51,0.2929444594032713,17.369400641560485,0.1078,0.633,91.34171017461466,91.28061590023194,51.294410910441876,55.64924114671164,88.8302046345933,8.501827040194886,69.7860279873912,285,Good
Route option 566,565,566,15.46923420834922,24.36,179.57,0.7411115024439281,10.828204424229156,0.0789,0.62,94.27193924708351,95.01281101625966,70.4072829655385,53.45699831365936,32.508705962068404,6.155095412099067,69.70879582359693,286,Good
Route option 874,873,874,21.552951703908366,52.85,588.58,0.2760321925212955,15.086704606844448,0.0557,0.657,87.15495490994479,82.59614333766439,57.964273088953874,59.69645868465431,90.95558228458746,4.271213966707268,69.68969858548527,287,Good
Route option 776,775,776,22.207984108263993,117.19,776.03,0.3004193449823007,15.545216300657243,0.0254,0.805,71.08241113137319,76.90556277397967,56.6245371983854,84.65430016863407,87.89082998678282,1.8107998375964274,69.56421210495184,288,Good
Route option 546,545,546,24.89376267369333,50.16,489.86,0.3408317457239765,17.425216238145115,0.0391,0.708,87.82693412605231,85.59307112239074,51.13132203177862,68.29679595278246,82.81217235215762,2.9232643118148607,69.55357119899627,289,Good
Route option 547,546,547,4.804817398908648,8.56,109.55,0.829220709682873,3.36329157059339,0.2092,0.432,98.21888036771502,97.13846826389478,92.21918395942052,21.753794266441822,21.435953791634333,16.735688185140077,69.45740435788589,290,Good
Route option 671,670,671,32.59679759709337,53.3,556.88,0.243829638338839,22.81721145356005,0.0368,0.801,87.0425420299268,83.5584874500613,35.37632688259417,83.9797639123103,95.00250215699451,2.7365002030044665,69.39731562495791,291,Good
Route option 471,470,471,12.15973706905727,22.58,114.12,0.7787157510839429,8.511611948933055,0.1696,0.549,94.71659463915466,96.99973285084577,77.17618793536953,41.48397976391232,27.782950972387578,13.52009744214373,69.38840840397087,292,Good
Route option 617,616,617,18.651462021220965,38.61,368.65,0.4578083150555878,13.055710506181484,0.0505,0.611,90.71219804651395,89.27274714332552,63.89868158258324,51.93929173693086,68.11163647690097,3.8489646772229,69.36312966255112,293,Good
Route option 77,76,77,12.701014357695424,26.46,233.61,0.6433009306866194,8.890496970171084,0.1457,0.536,93.74734580699958,93.37227234641959,76.06911505543849,39.29173693086005,44.800636109391654,11.579374746244419,69.35858212896686,294,Good
Route option 522,521,522,7.587321340997971,25.36,218.57,0.9460288686417792,5.310997649017418,0.0759,0.574,94.02213284704354,93.82885453728551,86.5281366584362,45.699831365935914,6.7565821780743995,5.911490052781161,69.31343063510855,295,Good
Route option 103,102,103,8.739786318932053,44.77,395.13,0.7847424287464266,6.117703799093005,0.0655,0.591,89.17339062226775,88.4688710519605,84.17100335740449,48.566610455311974,27.02557373272178,5.0669914738124255,69.24043221222198,296,Good
Route option 392,391,392,9.176149883238889,13.05,119.19,0.8084852651120495,6.4231509733978225,0.0712,0.508,97.09724963153555,96.84581850857913,83.27851021576616,34.5699831365936,24.0417931365946,5.529841656516444,69.20290920576848,297,Good
Route option 299,298,299,6.293261952403878,11.72,157.16,0.9879318128135236,4.405177786956829,0.2358,0.516,97.42949214358872,95.69313062379328,89.17487259989257,35.91905564924115,1.49060679860034,18.8956557044255,69.1958972983791,298,Good
Route option 565,564,565,20.740790848999215,96.83,631.04,0.3515921167196834,14.518205633730025,0.0307,0.732,76.16846943618695,81.30714866850433,59.62538334701348,72.34401349072513,81.45990821278937,2.2411693057247266,69.12832144240184,299,Good
Route option 240,239,240,12.735998325567367,19.69,178.9,0.6701478003160086,8.914985160768365,0.0483,0.531,95.43853513527016,95.03315078141127,75.99756244668069,38.44856661045532,41.42676925400148,3.670320747056436,69.1096340798505,300,Good
Route option 903,902,903,1.000570103012941,4.35,15.4,0.9997930178064742,0.7003822859148712,0.5607,0.36,99.27056531188329,99.99666063557213,100.0,9.612141652613827,0.0,45.278116118554614,69.03977932594158,301,Good
Route option 660,659,660,33.2103206263363,42.73,413.49,0.2442798313744761,23.246667281181374,0.0229,0.759,89.68299567834927,87.9115007710896,34.12148999742415,76.89713322091063,94.94592605026656,1.6077953714981732,69.00368080702751,302,Good
Route option 102,101,102,27.118414495060858,37.33,552.76,0.4547615734446435,18.982435190942386,0.0783,0.755,91.03195023856512,83.68356182681448,46.581248067061445,76.22259696458686,68.49452284987498,6.106374340235486,68.98770482475791,303,Good
Route option 148,147,148,18.532115000946646,81.04,574.62,0.2661906427896572,12.972169594230236,0.0122,0.631,80.11291249281807,83.01993904142026,64.14278169950981,55.31197301854975,92.1923774455734,0.7389362565976453,68.98084489282229,304,Good
Route option 846,845,846,18.49893680572464,76.23,565.51,0.4596432877847409,12.948945414193128,0.0259,0.692,81.31448127701032,83.29649913176524,64.21064096666615,65.59865092748734,67.88103403583807,1.8514007308160785,68.97525994904373,305,Good
Route option 774,773,774,23.5235786497304,34.05,342.96,0.513905680746177,16.466110408441164,0.0285,0.685,91.8513152306962,90.0526405265267,53.93375547076628,64.41821247892075,61.06183717475094,2.0625253755582627,68.9571825011733,306,Good
Route option 116,115,116,8.453109877891372,17.01,199.14,0.8542805307318659,5.917035099829047,0.0555,0.527,96.10801628737728,94.41870772668213,84.75734185682646,37.77403035413155,18.28666671249378,4.254973609419408,68.89090168956515,307,Good
Route option 692,691,692,30.161452070378395,42.14,422.17,0.2371469243862498,21.112510441749855,0.0464,0.704,89.83038145437287,87.64799455987176,40.357332076199974,67.62225969645868,95.84232398426677,3.5160373528217623,68.86949442725842,308,Good
Route option 834,833,834,15.155362006549115,39.23,449.46,0.5854427540311531,10.60849914868681,0.0994,0.6,90.55731807848917,86.8195286031742,71.0492448761359,50.084317032040474,52.07171788637082,7.819732034104751,68.85270235211706,309,Good
Route option 562,561,562,35.64723738606821,49.97,545.82,0.2404774829412654,24.95246812974343,0.0785,0.817,87.8743973420599,83.89424536435502,29.137271165452912,86.67790893760541,95.42377011657852,6.122614697523346,68.8221358667013,310,Good
Route option 278,277,278,25.807036915264938,106.4,462.78,0.244997355452138,18.0644928855814,0.0279,0.743,73.77782218780446,86.4151619288169,49.26340485511797,74.19898819561553,94.85575424487598,2.0138043036946818,68.78051131589919,311,Good
Route option 768,767,768,12.85277141153157,18.3,192.6,0.7722136660073955,8.996724361884477,0.1554,0.548,95.78576603132572,94.61724812084856,75.75872679018735,41.315345699831376,28.600073029205543,12.367032074705648,68.76171257460379,312,Good
Route option 95,94,95,15.0697599461442,50.06,549.38,0.444956736385665,10.548579142517445,0.0196,0.587,87.85191476605631,83.78617138832558,71.22432652380476,47.89207419898819,69.72670430091372,1.3398294762484777,68.751775605529,313,Good
Route option 898,897,898,14.841148892130182,25.5,245.83,0.7546379748411935,10.38855524003065,0.1509,0.592,93.98715995103795,93.00129931634102,71.69190405433102,48.735244519392914,30.808823721737276,12.001624035728788,68.7486803448973,314,Good
Route option 775,774,775,27.78227995958245,53.71,406.06,0.5241720986394229,19.44712987868238,0.0183,0.787,86.94012140591043,88.1370596592634,45.22344594396887,81.61888701517708,59.77164850352913,1.2342671538773855,68.6839533101092,315,Good
Route option 283,282,283,24.152174395319165,63.78,425.13,0.3560437777890907,16.906116884635196,0.0617,0.681,84.42457095750794,87.55813529890347,52.64809040225356,63.74367622259698,80.90046452565416,4.758424685343078,68.63526678319764,316,Good
Route option 280,279,280,4.475678590554898,13.44,135.78,0.994216789210187,3.132899926585699,0.0693,0.492,96.99982513551998,96.34218163713858,92.89237061644438,31.871838111298484,0.7007689573795749,5.37555826228177,68.60471643975455,317,Good
Route option 527,526,527,11.324543229492956,36.79,353.9,0.7760813236313131,7.926990272975877,0.0529,0.588,91.1668456945867,89.72052555524522,78.88440749062457,48.06070826306914,28.114021506422116,4.043848964677224,68.52431237411241,318,Good
Route option 310,309,310,17.915933997282913,33.12,244.97,0.7853436790299855,12.540853229106197,0.0586,0.665,92.08363518273337,93.02740707459533,65.40305493210951,61.04553119730186,26.95001414490032,4.506699147381243,68.50241479581258,319,Good
Route option 133,132,133,28.428028498280742,73.86,618.48,0.3159460216876004,19.89914302228702,0.0267,0.78,81.90652244510504,81.68844337045087,43.90269831709793,80.43844856661046,85.93958052516872,1.9163621599675198,68.472133616223,320,Good
Route option 182,181,182,11.419574442183707,17.03,240.62,0.7567052594947881,7.99351052755593,0.2219,0.51,96.1030201593765,93.1594637587886,78.69004042493522,34.90725126475549,30.549026461583562,17.766950872919207,68.44970733262224,321,Good
Route option 284,283,284,3.236788529616803,7.14,89.84,0.968454829058748,2.2656976683289236,0.3686,0.404,98.57360545577178,97.73682165365327,95.4262688908971,17.032040472175385,3.938294400184793,29.67925294356476,68.40285282624109,322,Good
Route option 359,358,359,27.164406154840425,41.44,498.3,0.4438705354050136,19.014628581203034,0.0707,0.731,90.00524593440085,85.33685079719736,46.48718145773985,72.17537942664418,69.86320801764128,5.489240763296793,68.38607343601241,323,Good
Route option 162,161,162,31.425499806443128,48.5,497.98,0.2859314603489775,21.997322650534276,0.0404,0.75,88.24161275011866,85.34656531189664,37.77197888124819,75.37942664418213,89.71153364586331,3.0288266341859527,68.35911035784716,324,Good
Route option 466,465,466,10.86429328329923,26.27,287.54,0.7769274145711018,7.604823032083222,0.11,0.542,93.79480902300718,91.7350730410074,79.82575538035917,40.30354131534571,28.007692604102935,8.68047097036135,68.35791632989022,325,Good
Route option 672,671,672,20.36141447296366,35.81,304.15,0.5372433985744274,14.252648535162145,0.0543,0.619,91.41165596662587,91.23082901239815,60.40132075656598,53.288364249578414,58.12896813831821,4.157531465692246,68.30727342197841,326,Good
Route option 332,331,332,3.916710317040813,7.59,78.39,0.9158953605644158,2.741631512729623,0.3492,0.39,98.4611925757538,98.0844191327367,94.03562681680381,14.671163575042161,10.543483427356524,28.10393828664231,68.21180701797525,327,Good
Route option 761,760,761,8.217849169669547,45.95,327.24,0.66931706221994,5.7523565509555725,0.0213,0.503,88.8786190702206,90.5298660611286,85.23851990595732,33.726812816188875,41.53116875258464,1.4778725131952906,68.16370006691517,328,Good
Route option 72,71,72,26.44990711569293,77.44,629.63,0.2558395879157998,18.514491240685647,0.051,0.722,81.01221553296196,81.349953248898,47.94854428522357,70.65767284991568,93.4932025115618,3.88956557044255,68.13490292733934,329,Good
Route option 537,536,537,37.28333046572243,53.45,594.13,0.238271050005631,26.0977058373735,0.0551,0.837,87.00507106992082,82.42765722334883,25.79097470050207,90.05059021922429,95.70105424887933,4.222492894843687,68.12563744725442,330,Good
Route option 661,660,661,24.141808403986104,127.12,1089.57,0.3156637681916678,16.89886086460845,0.0078,0.869,68.60183357897628,67.38715984019625,52.669291934479865,95.44688026981451,85.97505154014704,0.38164839626471786,68.07108529524531,331,Good
Route option 728,727,728,12.183532811191256,54.51,343.92,0.710764056521715,8.52826856921449,0.054,0.586,86.74027628587845,90.02349698242887,77.12751857249887,47.72344013490725,36.32249294565833,4.133170929760455,68.0182301648215,332,Good
Route option 862,861,862,14.841458454874306,19.39,241.28,0.5574158675746017,10.388771928758118,0.0981,0.493,95.51347705528215,93.13942757222134,71.69127090654179,32.04047217537943,55.59387836842675,7.71416971173366,68.0065894096414,333,Good
Route option 130,129,130,21.946994708110143,28.55,313.49,0.5823996360434491,15.362528099072092,0.1354,0.629,93.22525043091603,90.94728661461306,57.15833806704321,54.97470489038786,52.45414887581163,10.742996345919611,67.90159760882135,334,Good
Route option 360,359,360,7.964719065879425,11.38,148.48,0.7503280731642594,5.575169724972525,0.0808,0.431,97.51442631960231,95.95663683501111,85.75624617839198,21.58516020236088,31.35045239645921,6.30937880633374,67.90082039595546,335,Good
Route option 81,80,81,2.331203640052431,8.04,58.88,0.9342069141081286,1.63180343829629,0.1106,0.388,98.3487796957358,98.67670095080813,97.27845905803761,14.333895446880273,8.242256341119104,8.72919204222493,67.8521752194174,336,Good
Route option 524,523,524,18.57706074543366,61.02,249.09,0.7043584925263919,13.00363086133303,0.0161,0.671,85.11403662161825,92.90233269784216,64.05085429772454,62.057335581787534,37.12748512360087,1.0556232237109218,67.79298422822637,337,Good
Route option 271,270,271,6.107015337609036,11.73,100.99,0.7942650211725522,4.274808281190944,0.2357,0.389,97.42699407958831,97.3983315321004,89.55580226486539,14.502529510961217,25.828862182831287,18.88753552578157,67.78178458531856,338,Good
Route option 909,908,909,15.905737262177762,24.13,142.04,0.9183184838194018,11.133749238859004,0.0398,0.633,94.3293947190927,96.15214144333402,69.51450452638306,55.64924114671164,10.238967655149953,2.980105562322372,67.77768363705455,339,Good
Route option 904,903,904,21.411725595632316,56.89,320.35,0.395251208773801,14.987848700349344,0.0173,0.604,86.14573705378332,90.73903170574735,58.253122441573105,50.75885328836425,75.97323637166839,1.1530653674380837,67.74698192551101,340,Good
Route option 794,793,794,13.717547375628426,28.29,234.92,0.9302299083092204,9.602053028726083,0.0341,0.626,93.29020009492642,93.33250355186944,73.99000300080286,54.468802698145026,8.74204973356522,2.517255379618352,67.71586976152633,341,Good
Route option 94,93,94,26.643151928542324,63.89,376.8,0.2617154992688488,18.64975936768354,0.0616,0.645,84.39709225350353,89.02533059707835,47.55330122591995,57.672849915682974,92.75477219052499,4.750304506699148,67.62037230412042,342,Good
Route option 560,559,560,25.530589135450473,57.49,637.12,0.2312629488015641,17.870984077573333,0.0684,0.652,85.99585321375933,81.1225728892181,49.828822703185736,58.85328836424959,96.58176774352594,5.3024766544864,67.57484917631875,343,Good
Route option 655,654,655,38.61081379737799,62.88,457.2,0.27358760853664,27.026921898836,0.0157,0.848,84.64939671754391,86.58455877888551,23.075876864540913,91.90556492411467,91.26279504327789,1.0231425091352009,67.57430993002859,344,Good
Route option 113,112,113,10.02701712266328,54.76,326.75,0.8049868718529707,7.0187437663102274,0.0359,0.573,86.67782468586846,90.54474141176185,81.53823390090633,45.53119730185497,24.481438921256427,2.6634185952090954,67.51662597700972,345,Good
Route option 457,456,457,22.75814371090794,54.34,492.71,0.5950793565664803,15.930318792684034,0.0181,0.719,86.78274337388522,85.50655122585033,55.4992973471935,70.15177065767286,50.860678597942275,1.2180267965895253,67.51000658790376,346,Good
Route option 142,141,142,27.498893994291674,50.18,431.13,0.3796475754151171,19.24876445724026,0.0586,0.687,87.82193799805151,87.37598814829207,45.80305444281396,64.75548060708265,77.93415703539054,4.506699147381243,67.46019562229685,347,Good
Route option 716,715,716,15.690225850696558,23.17,326.17,0.5759827477262356,10.982894866377324,0.0414,0.523,94.56920886313107,90.56234896965428,69.95528939575526,37.099494097807764,53.26056419003834,3.110028420625254,67.41659057509253,348,Good
Route option 665,664,665,30.779853990383405,40.48,412.31,0.2437476966026924,21.545381411053295,0.0723,0.665,90.24506007843921,87.94732304404317,39.092516409802236,61.04553119730186,95.01279983830614,5.619163621599676,67.40295013131801,349,Good
Route option 417,416,417,19.82612893630421,113.81,957.37,0.4467753700661491,13.877957639787807,0.0348,0.785,71.92675676350828,71.40046872533425,61.496138723427244,81.28161888701518,69.49815520072498,2.574096630125863,67.37432390760713,350,Good
Route option 219,218,219,43.76493813874027,53.78,498.05,0.2237890090356821,30.634722468953676,0.073,0.888,86.92263495790763,85.34444026180617,12.534161189621726,98.65092748735245,97.52102353026719,5.676004872107186,67.35304343545076,351,Good
Route option 100,99,100,20.40255316046029,36.02,325.89,0.6674557854101673,14.281444926241257,0.081,0.64,91.35919662261747,90.57084917001616,60.317179917481326,56.82967959527825,41.76507684778857,6.3256191636216,67.32402869991265,352,Good
Route option 681,680,681,14.112041159670603,32.98,225.95,0.6510936255134132,9.878192059279442,0.0294,0.522,92.11860807873897,93.6048135420335,73.18314600018256,36.93086003372682,43.82132212779028,2.135606983353634,67.31555539289221,353,Good
Route option 196,195,196,22.905721646514845,34.97,434.95,0.5521773810049322,16.033620871748475,0.0278,0.659,91.62149334265943,87.26002112906947,55.197456620423544,60.0337268128162,56.252203024291546,2.005684125050751,67.3079169206966,354,Good
Route option 302,301,302,29.03038352509574,37.33,535.36,0.3408661064253729,20.320781435570236,0.0783,0.688,91.03195023856512,84.21178856358756,42.670703315137295,64.92411467116357,82.80785421625687,6.106374340235486,67.28735066208503,355,Good
Route option 916,915,916,33.4893123983677,51.87,372.94,0.2675103583159897,23.441956841061685,0.0567,0.723,87.39976518198397,89.14251193063836,33.55086892940009,70.82630691399663,92.02652777541435,4.35241575314657,67.28170760287257,356,Good
Route option 311,310,311,25.863184997172635,42.38,461.44,0.3233180194690673,18.103795600941208,0.0461,0.63,89.77042791836327,86.45584145912011,49.148565344861495,55.14333895446881,85.01313586639655,3.491676816889972,67.23696043008997,357,Good
Route option 404,403,404,16.249657258106286,59.31,264.37,0.4563895181244378,11.374487466190523,0.0663,0.52,85.5412055656866,92.43846462095178,68.81108594897258,36.593591905564935,68.2899377837802,5.1319529029638655,67.20301532921002,358,Good
Route option 200,199,200,19.639626899550073,24.79,358.2,0.5159561488171698,13.747409342935534,0.1163,0.551,94.16452249506632,89.58998676397373,61.87759080219797,41.82124789207421,60.80415326752977,9.192042224928949,67.12456656877177,359,Good
Route option 642,641,642,6.162881190291968,40.41,254.94,0.8758333902927291,4.3139134408282676,0.0483,0.493,90.26254652644202,92.72473922599603,89.4415399972297,32.04047217537943,15.578102193981987,3.670320747056436,67.10726284162193,360,Good
Route option 313,312,313,25.183782436665815,37.13,305.49,0.611735619241462,17.62822520667166,0.0787,0.682,91.08191151857311,91.19014948209494,50.5381454456361,63.91231028667792,48.7674731944983,6.138855054811207,67.0551006910686,361,Good
Route option 999,998,999,15.212231066159408,20.75,344.99,0.7219877827249261,10.648306536342856,0.046,0.558,95.17374035122779,89.99101407390317,70.93293075226025,43.00168634064082,34.91199859925101,3.4835566382460423,67.03189853305682,362,Good
Route option 319,318,319,21.669580748402737,42.96,403.01,0.438670194869999,15.168342981348205,0.0682,0.591,89.62554020634009,88.22965112749085,57.72573204006406,48.566610455311974,70.5167388318492,5.286236297198538,67.03177906588945,363,Good
Route option 888,887,888,21.061191519033898,58.16,512.94,0.3676276991601006,14.74248072751088,0.0169,0.602,85.82848292573256,84.89241174970552,58.97006877913357,50.42158516020236,79.44470417412651,1.1205846528623629,66.97151281196724,364,Good
Route option 931,930,931,29.94125386573725,48.97,534.05,0.4584568547246009,20.95837539268481,0.08,0.751,88.12420374209987,84.25155735813772,40.807702830127326,75.54806070826308,68.03013399546106,6.244417377182298,66.90192433763718,365,Good
Route option 745,744,745,31.49826843673384,47.34,555.58,0.4154877605308302,22.048259470925405,0.0414,0.763,88.53138817416502,83.59795266602713,37.623145411240124,77.57166947723441,73.43009327219553,3.110028420625254,66.84449916454616,366,Good
Route option 607,606,607,3.295743517852553,27.29,117.07,0.87346029149221,2.306965171027937,0.106,0.389,93.5400064949664,96.91017716846181,95.3056884232099,14.502529510961217,15.87633135433343,8.355663824604141,66.82238106734393,367,Good
Route option 454,453,454,18.01657491249487,24.51,348.4,0.6491823549893414,12.611300181339193,0.1176,0.564,94.23446828707752,89.88749377663902,65.19721435800577,44.013490725126466,44.06151297170867,9.297604547300041,66.79742567180591,368,Good
Route option 14,13,14,7.823023184762163,33.71,218.29,0.9395954262192424,5.475984985369781,0.0576,0.515,91.9362494067098,93.83735473764739,86.0460563560507,35.75042158516021,7.565077859511192,4.425497360941941,66.79410188891437,369,Good
Route option 355,354,355,36.4746797178386,68.73,815.78,0.2716161574374738,25.531663880289035,0.0143,0.865,83.18802927731008,75.6988379011791,27.44490574676957,94.77234401349074,91.51054882657999,0.9094600081201788,66.78959655815238,370,Good
Route option 883,882,883,11.146714651331903,22.62,265.96,0.9985779604872403,7.80251325162736,0.0847,0.576,94.70660238315305,92.39019562603976,79.24811976950869,46.0370994940978,0.1526971923860642,6.626065773447016,66.78538245094624,371,Good
Route option 947,946,947,26.17886874613162,86.28,534.81,0.4762751823410642,18.32476892910311,0.0344,0.756,78.80392695660863,84.22848538572694,48.50289828207608,76.39123102866779,65.79089099269922,2.5416159155501425,66.71662313976712,372,Good
Route option 445,444,445,22.581626165308776,31.99,367.8,0.5238879116945154,15.80675947213413,0.0303,0.606,92.36591641477855,89.29855132299546,55.860328174953686,51.09612141652614,59.807362496534424,2.2086885911490057,66.60837055380934,373,Good
Route option 468,467,468,2.9335171116540666,6.06,43.53,0.9672898335970352,2.05341276362731,0.1416,0.363,98.84339636781493,99.14269407778897,96.0465490488352,10.118043844856661,4.084700280245014,11.246447421843284,66.60325651941758,374,Good
Route option 575,574,575,12.075420892983988,28.9,169.92,0.6615066199815567,8.45259204022303,0.1003,0.448,93.13781819090205,95.30576435015968,77.34863956751738,24.451939291736934,42.512713065116856,7.892813641900122,66.56217624704577,375,Good
Route option 324,323,324,16.159263175276322,73.85,550.58,0.7467475896431337,11.31121312471761,0.0401,0.684,81.90902050910543,83.7497419582033,68.99596870630953,64.24957841483982,31.800414527797333,3.004466098254162,66.56092511069954,376,Good
Route option 202,201,202,6.425309072989468,30.24,222.99,0.9857081475489204,4.497608556061086,0.064,0.499,92.80307761484849,93.6946728030018,88.90479700436723,33.0522765598651,1.770056531000955,4.945188794153473,66.56046973944265,377,Good
Route option 62,61,62,26.112629789746254,75.21,382.43,0.4615146104444852,18.278402770899806,0.0525,0.695,81.5692838050511,88.854415854088,48.638376628846686,66.10455311973018,67.64586347090412,4.011368250101502,66.43039947258103,378,Good
Route option 889,888,889,40.733050469388,56.04,473.17,0.3160844587171602,28.51245196526405,0.0526,0.85,86.35807249381729,86.0997437796748,18.735272309916787,92.24283305227655,85.92218303667052,4.019488428745433,66.41714066773724,379,Good
Route option 884,883,884,4.486755973498208,13.83,87.37,0.9110740093908254,3.1406539088048633,0.0674,0.388,96.90240063950439,97.8118055639883,92.86971407700597,14.333895446880273,11.149386355605788,5.2212748680470975,66.40305122828903,380,Good
Route option 571,570,571,20.850032031850755,31.26,375.92,0.4983012073617423,14.594672629027222,0.062,0.56,92.54827508680773,89.05204551250137,59.40195267026959,43.33895446880271,63.022863405158425,4.782785221274869,66.37976878276936,381,Good
Route option 829,828,829,22.00639902833525,46.9,468.74,0.6513558334389963,15.404110126625378,0.0626,0.674,88.64130299018261,86.2342290925429,57.03683858193196,62.56323777403037,43.788370255130346,4.8315062931384505,66.36737595700413,382,Good
Route option 33,32,33,23.732691847728475,32.89,429.95,0.4264005083432622,16.612486138825112,0.059,0.589,92.14109065474257,87.41181042124565,53.50605684900851,48.22934232715008,72.0586798205024,4.539179861956963,66.36578986802787,383,Good
Route option 714,713,714,19.215225450410184,42.46,379.77,0.7184253258646895,13.450335448563601,0.069,0.633,89.75044340636008,88.93516775752572,62.74561786412832,55.64924114671164,35.35969530618298,5.351197726349981,66.35690434508737,384,Good
Route option 7,6,7,23.03725228007646,52.96,318.75,0.4269964079683648,16.125690108600864,0.0741,0.586,87.1274762059404,90.78760427924372,54.92843739432119,47.72344013490725,71.98379265406449,5.765326837190419,66.34645907986454,385,Good
Route option 421,420,421,8.841221886696509,17.44,188.95,0.8830927948201628,6.188706994781158,0.1627,0.453,96.0005995353601,94.72805430413717,83.96353748272318,25.29510961214166,14.665807216463781,12.95980511571255,66.31020803844059,386,Good
Route option 410,409,410,23.246079438609627,32.0,471.03,0.6459434234114558,16.271865616158152,0.0909,0.664,92.36341835077815,86.16470959672623,54.50132380825741,60.87689713322092,44.46855200636551,7.1295168493706855,66.3096670113145,387,Good
Route option 407,406,407,18.86509268167946,31.74,324.76,0.6887675995458038,13.20524838449993,0.0611,0.59,92.42836801478855,90.60515355004796,63.46174340786248,48.397976391231026,39.08680469416111,4.709703613479498,66.29590109326921,388,Good
Route option 857,856,857,11.821786365187435,86.73,572.66,0.7859531673043594,8.275052125898014,0.0228,0.647,78.69151407659064,83.07944044395332,77.86739753692,58.01011804384486,26.873419282406257,1.599675192854243,66.19038958499111,389,Good
Route option 724,723,724,23.441792191175004,36.91,571.93,0.5498780579460758,16.408861259553525,0.0264,0.657,91.13686892658191,83.10160168061105,54.101033078958714,59.69645868465431,56.541160730169395,1.8920016240357291,66.06096028232787,390,Good
Route option 538,537,538,7.999664077741091,17.25,109.56,0.8801375561640381,5.5996306470161645,0.0548,0.43,96.0480627513677,97.13816468531043,85.68477324624983,21.416526138279934,15.037194342385982,4.198132358911897,66.05537007873826,391,Good
Route option 574,573,574,24.34541233084579,53.06,502.04,0.290138821307832,17.04138019762253,0.0185,0.586,87.1024955659364,85.22331240664958,52.25286140911839,47.72344013490725,89.1827913424328,1.2505075111652457,66.05386948357979,392,Good
Route option 641,640,641,15.604558223332717,41.75,322.73,0.569540163364588,10.922928964436704,0.0702,0.502,89.92780595038845,90.66678000267149,70.13050514733641,33.55817875210793,54.07020874602869,5.448639870077142,66.0426320959744,393,Good
Route option 601,600,601,31.84832714769509,66.19,529.36,0.3518821282167753,22.293294695792884,0.0149,0.747,83.8225375334116,84.39393571419897,36.907171337648634,74.8735244519393,81.42346224380947,0.9581810799837597,66.03504765270227,394,Good
Route option 897,896,897,27.415633084064428,100.58,747.83,0.2631844794929854,19.190483216918654,0.0197,0.736,75.23169543603707,77.76165438185329,45.97334774276539,73.01854974704891,92.57016431043114,1.347949654892408,66.02013076246695,395,Good
Route option 229,228,229,15.564652577722242,24.24,199.49,0.6219967556466093,10.894995681991613,0.0792,0.471,94.30191601508831,94.40808247622981,70.21212404940165,28.330522765598648,47.47794825196773,6.179455948030857,66.01790288633208,396,Good
Route option 362,361,362,21.67967874625431,61.23,410.46,0.4390905510294942,15.175411410433936,0.0321,0.593,85.06157727760984,88.00348508214836,57.70507863413378,48.90387858347386,70.46391234840593,2.3548518067397484,65.98419167235744,397,Good
Route option 620,619,620,16.354047961672013,69.15,649.24,0.6100840424172704,11.447559207362346,0.0285,0.628,83.08311058929331,80.75463564498307,68.59757594354578,54.80607082630692,48.975028130444,2.0625253755582627,65.87878647982542,398,Good
Route option 412,411,412,7.887095411339678,26.67,189.27,0.8675432959245939,5.520834469058016,0.1084,0.437,93.69488646299118,94.71833978943789,85.91500961551733,22.596964586846546,16.61992476036752,8.550548112058467,65.77031045337415,399,Good
Route option 993,992,993,28.082646710208717,68.67,482.9,0.5772868565928739,19.657381564978994,0.0144,0.761,83.20301766131249,85.80436181709997,44.60910669377054,77.23440134907253,53.09667582086494,0.9175801867641088,65.75617943036434,400,Good
Route option 997,996,997,8.706387200806052,46.35,379.41,0.7647059557453773,6.094324976729444,0.0211,0.484,88.7786965102046,88.94609658656239,84.23931447754022,30.52276559865093,29.543572780296344,1.4616321559074303,65.73677924429364,401,Good
Route option 771,770,771,4.73572168070466,13.56,91.52,0.9436664756780552,3.3149257270438817,0.2747,0.358,96.96984836751518,97.68582045148207,92.36050523291317,9.27487352445194,7.053465927641615,22.054405196914338,65.68430162952801,402,Good
Route option 333,332,333,30.58597719452,82.87,652.03,0.2193648355380238,21.40967090654814,0.0119,0.713,79.65576678074491,80.66993721994876,39.489052062144715,69.13996627318718,98.07701283301647,0.7145757206658548,65.60882713964729,403,Good
Route option 2,1,2,13.101961154527991,52.6,451.09,0.5640993848262156,9.171153001417908,0.0187,0.492,87.21740650995477,86.77004529392478,75.24905972633843,31.871838111298484,54.7539555899452,1.2667478684531064,65.52285586703739,404,Good
Route option 901,900,901,7.26547325989846,56.39,409.39,0.9310120026430388,5.085709391773862,0.0697,0.532,86.27064025380331,88.03596799067407,87.18641161199943,38.617200674536264,8.643763334179198,5.408038976857491,65.51614296906338,405,Good
Route option 124,123,124,21.470287984479885,126.52,884.4,0.5182186812248317,15.028841390063127,0.0078,0.79,68.75171741900029,73.6156816553533,58.13334495628412,82.12478920741991,60.519819071221825,0.38164839626471786,65.50283822236115,406,Good
Route option 194,193,194,28.46159091804156,67.51,709.56,0.3352998901153424,19.9226361530553,0.0292,0.706,83.49279308535885,78.92344962416972,43.8340531965987,67.95952782462057,83.5073649218844,2.1193666260657738,65.49037222947123,407,Good
Route option 475,474,475,27.135944809502767,33.68,419.86,0.4177924340048358,18.99470611695213,0.0288,0.614,91.94374359871101,87.71812121285716,46.545393365409105,52.4451939291737,73.14046317551073,2.086885911490053,65.47615070262623,408,Good
Route option 139,138,139,10.183185260781528,40.4,373.23,0.84781632311781,7.128058843017965,0.0242,0.517,90.26504459044241,89.13370815169215,81.21882365767402,36.0876897133221,19.099028679326203,1.7133576938692656,65.39756515813592,409,Good
Route option 460,459,460,20.68716123206189,92.26,612.99,0.5906477142606761,14.480665801598127,0.0429,0.698,77.31008468436961,81.85510801326032,59.73507184811757,66.61045531197301,51.41760651158365,3.231831100284207,65.39224977012256,410,Good
Route option 741,740,741,18.918356664807195,117.89,635.89,0.3175153311303462,13.242532279099219,0.0336,0.612,70.90754665134521,81.15991305509344,63.35280273653636,52.10792580101181,85.74236419463107,2.4766544863987012,65.37134692940724,411,Good
Route option 935,934,935,35.75672059515787,75.23,937.34,0.3095857778476223,25.02910453934693,0.0525,0.852,81.56428767705029,72.00853662979199,28.91334547314105,92.58010118043845,86.7388772841626,4.011368250101502,65.33337760666274,412,Good
Route option 89,88,89,41.283054869411046,73.77,649.19,0.2371223088121005,28.89744581805999,0.0535,0.854,81.92900502110865,80.75615353790482,17.610349894198528,92.91736930860033,95.84541744249469,4.092570036540804,65.3122632931489,413,Good
Route option 684,683,684,19.575608384924873,49.97,474.66,0.6638673906248723,13.702597456712812,0.0589,0.616,87.8743973420599,86.05451057060631,62.00852768582992,52.782462057335586,42.216033193809196,4.531059683313034,65.29256221900441,414,Good
Route option 940,939,940,3.078692612137693,18.49,110.82,0.9688946144173124,2.155033178410224,0.1026,0.362,95.73830281531814,97.09991378368204,95.74962201570547,9.949409780775717,3.883026234278332,8.079577750710516,65.28721229084492,415,Good
Route option 513,512,513,22.967633713101687,64.8,338.81,0.4198382486143204,16.076958279683446,0.0152,0.579,84.16976842946717,90.17862563903292,55.07082804889928,46.54300168634064,72.8833640723938,0.9825416159155503,65.28344965122812,416,Good
Route option 835,834,835,20.49399464960569,84.92,435.08,0.6569711276918381,14.345452434563025,0.0466,0.673,79.143663660663,87.25607460747288,60.13015490302325,62.39460370994942,43.082691886499006,3.5322777101096237,65.27629019552825,417,Good
Route option 596,595,596,38.991961369753646,53.56,537.04,0.2160421678272068,27.293718805127245,0.055,0.76,86.97759236591641,84.16078736141638,22.296316832213897,77.06576728499157,98.49457505221572,4.214372716199757,65.2750847515499,418,Good
Route option 104,103,104,35.09905679027132,58.3,370.6,0.4301747475920234,24.568750909308516,0.0675,0.756,85.79351002972696,89.21354931937682,30.25846335963875,76.39123102866779,71.58436825712488,5.229395046691028,65.26418049351103,419,Good
Route option 564,563,564,4.572189933027272,9.65,109.58,0.9693050053002455,3.200456247181299,0.3756,0.336,97.94659139167146,97.13755752814174,92.69497624557445,5.564924114671169,3.8314520948424717,30.247665448639875,65.19908715020674,420,Good
Route option 157,156,157,7.956627498288701,12.28,145.39,0.8977289215756052,5.569505763408252,0.0753,0.402,97.28960055956635,96.050442617576,85.77279583828692,16.694772344013497,12.826473855325094,5.862768980917581,65.02594789838129,421,Good
Route option 930,929,930,20.26656485036819,54.83,403.26,0.5862480746626964,14.18625539060232,0.0537,0.583,86.66033823786566,88.22206166288204,60.59531641655631,47.217537942664414,51.970512620198875,4.108810393828665,64.97130845453282,422,Good
Route option 807,806,807,38.1082001495875,48.83,616.76,0.211612075622087,26.675100777545747,0.0201,0.747,88.15917663810548,81.74065888695947,24.103871111171937,74.8735244519393,99.05130816350606,1.3804303694681286,64.95479210801786,423,Good
Route option 653,652,653,19.120849543371655,33.91,291.32,0.583615389689083,13.384273896946285,0.0859,0.507,91.88628812670181,91.6203203361222,62.93864463505404,34.40134907251265,52.30136417554871,6.723507917174179,64.88256447924442,424,Good
Route option 439,438,439,27.52897276003167,37.4,298.23,0.4173660150832743,19.26981908863794,0.0521,0.583,91.01446379056232,91.41054753433474,45.741534429852884,47.217537942664414,73.19405157094856,3.9788875355257822,64.88224299484666,425,Good
Route option 691,690,691,27.0159462421926,50.68,425.3,0.5558047185616101,18.910709133006552,0.0193,0.673,87.69703479803152,87.55297446296947,46.79082608961208,62.39460370994942,55.796352710093636,1.3154689403166875,64.8720378346183,426,Good
Route option 868,867,868,38.180036434108935,59.89,548.26,0.2300418560480365,26.72538497154,0.0657,0.751,85.39631785366342,83.82017218977303,23.95694456528124,75.54806070826308,96.73522341360429,5.083231831100284,64.86983022457567,427,Good
Route option 600,599,600,7.5575897869849635,20.14,142.26,0.8463504240114268,5.290186060003586,0.0473,0.385,95.32612225525219,96.14546271447826,86.58894652025178,13.827993254637441,19.283249352970707,3.5891189606171348,64.81493315826445,428,Good
Route option 670,669,670,16.465739844404148,28.17,241.06,0.9426686176044974,11.525741651461475,0.1371,0.574,93.32017686293122,93.1461063010771,68.36913285739249,45.699831365935914,7.178867522957394,10.881039382866426,64.78744484177604,429,Good
Route option 286,285,286,14.563901081773984,62.66,610.31,0.6072654628531768,10.194486424065182,0.0157,0.549,84.70435412555271,81.93646707386674,72.25895820256223,41.48397976391232,49.32924120265133,1.0231425091352009,64.6737809890288,430,Good
Route option 178,177,178,32.501213592876674,90.31,441.16,0.4277502092354173,22.750304254185814,0.0219,0.762,77.79720716444756,87.07149882818666,35.57182457119987,77.40303541315346,71.88906186624574,1.5265935850588714,64.61254028983502,431,Good
Route option 30,29,30,33.05455547222965,68.15,596.46,0.2263582945964239,23.137634286521045,0.0289,0.689,83.33291698933327,82.35692341319474,34.44007601861785,65.09274873524451,97.19813942813225,2.095006090133983,64.59110107952888,432,Good
Route option 581,580,581,7.023113244803991,16.38,113.01,0.9376390417016858,4.91606144719198,0.1151,0.385,96.26539431940246,97.03343007370887,87.6821098530356,13.827993254637441,7.81093821385795,9.094600081201786,64.58171481825454,433,Good
Route option 69,68,69,9.0706113181825,63.43,392.03,0.667141231358193,6.3492757484397835,0.031,0.445,84.51200319752192,88.56298041310976,83.49436793899473,23.946037099494102,41.804607098608685,2.265529841656517,64.57153332871755,434,Good
Route option 10,9,10,24.89098848999583,108.27,444.5,0.5600415444431137,17.423274356098318,0.0092,0.723,73.31068421972972,86.97010358101298,51.13699606170731,70.82630691399663,55.26390752706133,0.49533089727974017,64.55682525594483,435,Good
Route option 533,532,533,15.436350420963464,26.55,263.42,0.8597010822407143,10.805186324738253,0.1452,0.52,93.72486323099598,92.46730458646525,70.47454008119503,36.593591905564935,17.60546181501037,11.538773853024768,64.51327183905626,436,Good
Route option 840,839,840,19.214479253714817,37.34,383.68,0.5864094844387029,13.449813123395511,0.0261,0.527,91.02945217456471,88.81646853104395,62.74714405808079,37.77403035413155,51.95022812889981,1.867641088103939,64.49918109376341,437,Good
Route option 288,287,288,17.236003348049486,113.14,928.71,0.4798426836092635,12.064913181587578,0.0175,0.666,72.09412705153507,72.27052494808805,66.7937151312361,61.21416526138282,65.34256035111991,1.1693057247259442,64.4069135563585,438,Good
Route option 156,155,156,12.753831525041292,18.93,180.97,0.9220271061108604,8.927468101219128,0.2007,0.465,95.62838799930054,94.97031001445035,75.96108825514449,27.318718381112994,9.772902225509851,16.04547300040601,64.35331921533019,439,Good
Route option 264,263,264,22.7256207045802,129.22,635.18,0.4565864738757385,15.907553233881051,0.0077,0.711,68.07724013889236,81.18146713458246,55.56581655839088,68.8026981450253,68.2651862022936,0.3735282176207877,64.34893025440815,440,Good
Route option 292,291,292,14.75347756028274,25.62,278.92,0.6956545798229277,10.327186778566917,0.0376,0.458,93.95718318303315,91.99675778071912,71.87121797692313,26.138279932546382,38.22131256001382,2.8014616321559083,64.34845301109969,441,Good
Route option 805,804,805,26.551522297352125,61.55,495.56,0.5275113049467348,18.5856201630868,0.016,0.669,84.98163922959706,85.42003132930991,47.74071104676053,61.720067453625646,59.352007866126236,1.0475030450669915,64.34710130306263,442,Good
Route option 402,401,402,4.513882553534899,20.33,96.7,0.9869854831976048,3.159642059737957,0.1406,0.358,95.2786590392446,97.52856674478755,92.81423216096351,9.27487352445194,1.6095327728199695,11.16524563540398,64.3391934609899,443,Good
Route option 668,667,668,32.93034826338655,48.78,506.64,0.2877090260281492,23.05069132410923,0.0603,0.651,88.17166695810748,85.08366625784751,34.69411666523005,58.68465430016864,89.4881455931396,4.644742184328056,64.2425783380626,444,Good
Route option 632,631,632,35.48899749008223,58.61,609.9,0.3355171997052628,24.841702857285394,0.0336,0.742,85.71607004571456,81.94891379582518,29.460918769086803,74.03035413153457,83.48005545776763,2.4766544863987012,64.17613555698327,445,Good
Route option 923,922,923,41.02219385877616,61.43,689.97,0.2146973236304835,28.71484748698417,0.0481,0.796,85.01161599760187,79.51816007091594,18.143888168142887,83.13659359190557,98.6635826618039,3.6540803897685756,64.11830825978923,446,Good
Route option 207,206,207,14.721829147973985,37.29,331.49,0.8536003867981046,10.305033420904484,0.1045,0.528,91.04194249456671,90.40084516277884,71.93594838349173,37.94266441821249,18.372140926310507,8.23386114494519,64.10998466086285,447,Good
Route option 623,622,623,22.257053559249947,93.27,757.61,0.4332705025289258,15.579564093127399,0.0318,0.651,77.05778022032925,77.46475452635669,56.52417559157139,58.68465430016864,71.19532234159692,2.3304912708079586,64.00853850496387,448,Good
Route option 442,441,442,27.5435358080902,68.66,405.76,0.6028959503788811,19.280012977960048,0.0144,0.696,83.20551572531289,88.14616701679397,45.71174866959072,66.27318718381112,49.87836121234893,0.9175801867641088,63.98662628315437,449,Good
Route option 344,343,344,18.383793299963227,30.13,360.46,0.7517108157271248,12.868346891880106,0.0642,0.541,92.8305563188529,89.52137800391009,64.4461436474628,40.13490725126477,31.176682069907546,4.961429151441332,63.974643891234074,450,Good
Route option 827,826,827,36.7142106712274,44.02,697.23,0.2750574979163545,25.69933152913907,0.0666,0.721,89.36074542229773,79.29776201867615,26.954993777494174,70.48903878583474,91.07807290889988,5.156313438895657,63.93388065257004,451,Good
Route option 256,255,256,29.016845250367787,37.49,568.98,0.553479227582186,20.311304870387293,0.052,0.674,90.99198121455872,83.19115736299499,42.69839310945709,62.56323777403037,56.08859895877354,3.970767356881852,63.83127181140254,452,Good
Route option 613,612,613,13.09436959089321,26.4,313.25,0.868626456683681,9.165839034234414,0.1095,0.479,93.76233419100198,90.95457250063751,75.26458672958195,29.679595278246207,16.48380311063363,8.639870077141698,63.77582089129307,453,Good
Route option 644,643,644,32.563311852319885,76.53,476.24,0.4117196039990092,22.79377199399655,0.0258,0.715,81.23953935699834,86.00654515427864,35.44481517996259,69.47723440134908,73.90364041583405,1.8432805521721483,63.688395646707875,454,Good
Route option 853,852,853,10.388054341006464,56.99,244.15,0.8488697969602068,7.271463762162708,0.0172,0.471,86.12075641377932,93.05230051851223,80.7998055177774,28.330522765598648,18.96663780735682,1.1449451887941535,63.65457835919778,455,Good
Route option 942,941,942,30.47614008569138,44.44,423.6,0.4076403466184661,21.332786773064615,0.022,0.624,89.25582673428093,87.60458282230938,39.71370158457367,54.131534569983145,74.41628384357111,1.5347137637028017,63.64517829400036,456,Good
Route option 1,0,1,13.823578503059393,43.23,286.7,0.910270338074304,9.67627303908279,0.0452,0.529,89.55809247832929,91.76057364209301,73.77313784116781,38.111298482293435,11.250384351084223,3.4185952090946006,63.62524557639825,457,Good
Route option 558,557,558,15.67871821973982,35.02,249.36,0.8724828982185535,10.974839717766871,0.111,0.516,91.60900302265745,92.89413607606465,69.9788259202167,35.91905564924115,15.999161122429046,8.761672756800651,63.61714517972976,458,Good
Route option 823,822,823,32.08382075471267,41.08,389.92,0.3794187345935242,22.458136269916128,0.0951,0.615,90.09517623841523,88.62703549440808,36.42551694128141,52.61382799325464,77.96291563830368,7.470564352415754,63.5434069619871,459,Good
Route option 90,89,90,19.640580367870555,35.0,329.72,0.6991676075456115,13.748076754763886,0.0556,0.53,91.61399915065824,90.45457857220919,61.87564067618745,38.279932546374376,37.77982765100026,4.263093788063338,63.52974967739843,460,Good
Route option 383,382,383,45.91512655621916,65.46,783.52,0.2043549673533524,32.13981828827386,0.0602,0.869,84.00489620544079,76.67818241429977,8.13638701047263,95.44688026981451,99.96331456841885,4.636622005684125,63.488251087655264,461,Good
Route option 588,587,588,34.44824383994672,68.78,613.55,0.4846192673605281,24.11319276252922,0.0143,0.778,83.17553895730809,81.83810761253658,31.589569213026813,80.10118043844857,64.74228337943362,0.9094600081201788,63.44005904326472,462,Good
Route option 184,183,184,15.893373660795469,107.28,457.37,0.8029444124343923,11.125094925310961,0.0369,0.641,73.55799255576929,86.57939794295152,69.53979176469127,56.9983136593592,24.738116374939057,2.744620381648397,63.42313142936514,463,Good
Route option 243,242,243,29.55753491909099,48.95,489.62,0.4792419395692411,20.689778567543136,0.04,0.646,88.12919987010068,85.6003570084152,41.59252208684615,57.84148397976392,65.4180563189249,2.996345919610232,63.4039616212405,464,Good
Route option 726,725,726,15.84287071282644,25.42,283.14,0.705977761929182,11.089743709001901,0.0379,0.446,94.00714446304114,91.86864761812244,69.64308529875724,24.114671163575046,36.92399028627204,2.8258221680876985,63.242554110668635,465,Good
Route option 631,630,631,32.00288205868144,75.3,471.19,0.4178285285665074,22.40148054057281,0.0131,0.694,81.54680122904749,86.15985233937657,36.591060623224166,65.93591905564924,73.13592714404916,0.8120178643930168,63.23047328824528,466,Good
Route option 970,969,970,25.31667889123571,39.6,475.4,0.7961158478622563,17.72125049531597,0.0985,0.671,90.46488971047438,86.03204575536422,50.266332709758174,62.057335581787534,25.596267362292934,7.7466504263093805,63.22439664450953,467,Good
Route option 505,504,505,10.823251260891736,21.47,200.21,0.857228462311749,7.5760943049447915,0.1335,0.393,94.99387974319902,94.38622481815642,79.90969851061533,15.177065767284997,17.916197872490265,10.58871295168494,63.20991412821519,468,Good
Route option 738,737,738,27.679634307212883,53.84,612.87,0.6828649976984501,19.375279644071792,0.0547,0.715,86.90764657390521,81.85875095627254,45.433386801208755,69.47723440134908,39.828589230245385,4.190012180267966,63.199432618645496,469,Good
Route option 503,502,503,29.102918621323088,85.36,711.77,0.3864357026134979,20.371554786034924,0.0232,0.693,79.0337488446454,78.85635875702785,42.5223474916766,65.7672849915683,77.08108784404921,1.6321559074299636,63.15178197134387,470,Good
Route option 434,433,434,15.13186645311854,23.27,225.13,0.9070096123664256,10.59205265546161,0.0824,0.486,94.54422822312708,93.62970698595038,71.09730026391581,30.86003372681282,11.660162270901234,6.439301664636623,63.069100163478964,471,Good
Route option 274,273,274,32.95898871772815,40.82,631.05,0.27828560217316,23.07073916165805,0.0956,0.617,90.16012590242562,81.30684508991996,34.63553842643074,52.951096121416526,90.67239455205126,7.511165245635405,62.985295746847,472,Good
Route option 63,62,63,40.513777244409134,52.29,601.48,0.2086387139116096,28.358964386444562,0.0188,0.723,87.29484649396717,82.20452696384986,19.183751205604196,70.82630691399663,99.42497282767549,1.2748680470970366,62.86731456088619,473,Good
Route option 374,373,374,22.066622792117258,35.96,263.78,0.9102983454810644,15.446265750920995,0.0271,0.618,91.37418500661988,92.45637575742857,56.91366309127323,53.119730185497474,11.246864638630646,1.9488428745432402,62.84060257031773,474,Good
Route option 568,567,568,14.769220446526964,20.8,227.15,0.7836135428584978,10.3382065348253,0.1835,0.411,95.16125003122579,93.5683841119112,71.83901909701692,18.212478920741987,27.167441694736667,14.648802273650022,62.79736167018619,475,Good
Route option 165,164,165,24.093071202510064,33.8,350.0,0.6389074441556668,16.86474564122121,0.0287,0.554,91.9137668307062,89.83892120314265,52.76897399232791,42.32715008431705,45.35276895731808,2.078765732846123,62.647426304089265,476,Good
Route option 177,176,177,14.684528334266112,34.09,251.17,0.8117148580912898,10.278923477090915,0.114,0.448,91.8413229746946,92.83918835229687,72.01223963036679,24.451939291736934,23.635927690847005,9.005278116118557,62.643406706228006,477,Good
Route option 877,876,877,25.379452755159008,40.39,415.9,0.4593081390662371,17.765191146928405,0.0725,0.522,90.2675426544428,87.83833833226069,50.137941506623065,36.93086003372682,67.9231524343179,5.635403978887536,62.615919023118,478,Good
Route option 351,350,351,32.16870627406757,47.95,606.94,0.6105360130644515,22.517554709371623,0.0613,0.727,88.37900627014065,82.03877305679347,36.25190083295899,71.50084317032041,48.91822862989948,4.725943970767358,62.57481976921897,479,Good
Route option 68,67,68,13.6724209095139,19.57,154.6,0.8274238519636554,9.57046525951593,0.0486,0.405,95.46851190327497,95.77084674138747,74.08230003201253,17.20067453625633,21.66176628994079,3.6946812829882263,62.55949233733038,480,Good
Route option 97,96,97,29.30207492817672,105.97,409.9,0.3914070902011711,20.510960859660837,0.0374,0.653,73.88523893982163,88.02048548287209,42.1150136707073,59.021922428330534,76.45632972368394,2.785221274868048,62.49917682399347,481,Good
Route option 951,950,951,41.54780967378784,76.61,763.62,0.2499580249580059,29.082769739430407,0.0387,0.805,81.21955484499512,77.28230379716094,17.0688476551254,84.65430016863407,94.23234307413483,2.89078359723914,62.466217163214814,482,Good
Route option 436,435,436,20.0846128502186,34.82,245.0,0.8869939172106462,14.058892043038952,0.0838,0.556,91.65896430266544,93.02649633884226,60.96746231856085,42.664418212478935,14.175550150602204,6.552984165651645,62.45704557378035,483,Good
Route option 752,751,752,34.03238448126709,116.93,546.63,0.3980936697397748,23.822098188171978,0.0254,0.764,71.14736079538358,83.86965549902247,32.440125161934375,77.74030354131534,75.61602210522963,1.8107998375964274,62.31363746003066,484,Good
Route option 347,346,347,34.25482787695567,45.42,481.41,0.3204356704497798,23.97780483330349,0.0215,0.619,89.01101646224177,85.84959502616847,31.985162325222362,53.288364249578414,85.37536289532342,1.4941128704831508,62.238327661959815,485,Good
Route option 304,303,304,15.38095233719796,35.06,438.34,0.7647923223695947,10.766408595495543,0.0277,0.474,91.59901076665584,87.15710798897402,70.58784562241077,28.836424957841484,29.53271901988101,1.9975639464068213,62.218620247605415,486,Good
Route option 820,819,820,18.494437854530595,42.29,395.97,0.8970117482161257,12.945796223834536,0.0924,0.563,89.79291049436686,88.44337045087491,64.21984265858931,43.844856661045526,12.916601585690646,7.251319529029638,62.125414320925344,487,Good
Route option 420,419,420,20.011351237396603,35.96,370.14,0.7590669363568263,14.007610143146508,0.1082,0.518,91.37418500661988,89.22751393425702,61.117304084320686,36.25632377740304,30.252232705068643,8.534307754770607,62.10286922298157,488,Good
Route option 478,477,478,39.73497991946937,91.14,706.89,0.318906572462308,27.813819324581118,0.0217,0.804,77.58986785241439,79.00450510619179,20.77662313188232,84.48566610455315,85.56752582119866,1.5103532277710112,62.04243383911086,489,Good
Route option 809,808,809,24.36810521693053,36.0,393.76,0.5218198139451469,17.057264837171697,0.0811,0.498,91.36419275061827,88.51046131801678,52.20644771454979,32.88364249578415,60.067261939062476,6.33373934226553,61.926684402540815,490,Good
Route option 962,961,962,17.921755659999505,37.42,225.75,0.8426107205017026,12.544928295339933,0.026,0.495,91.00946766256152,93.61088511372053,65.39114790211781,32.377740303541316,19.75322078333191,1.8595209094600083,61.815703715300316,491,Good
Route option 629,628,629,25.196887982389505,70.97,466.78,0.7916973477223961,17.637398868811356,0.0417,0.677,82.62846294122055,86.29373049507596,50.51134071070273,63.069139966273205,26.15154368978298,3.134388956557045,61.79797567499578,492,Good
Route option 630,629,630,19.994791467326703,35.17,469.87,0.5993943260198198,13.99601858191471,0.0553,0.472,91.57153206265144,86.19992471251108,61.151173734363475,28.499156829679595,50.31841305184276,4.2387332521315475,61.78569412235015,493,Good
Route option 994,993,994,20.431130417508196,28.48,278.85,0.7687903531709464,14.30144852674473,0.0339,0.5,93.24273687891883,91.99888283080958,60.258730935924845,33.22091062394604,29.030283399128297,2.501015022330492,61.78526789174546,494,Good
Route option 925,924,925,19.176109399730496,70.76,573.78,0.8437807869931448,13.422954869323322,0.0279,0.625,82.68092228522896,83.04543964250587,62.82562180995514,54.300168634064086,19.606177623046353,2.0138043036946818,61.77301954233794,495,Good
Route option 998,997,998,16.179605101245862,27.35,304.85,0.9293109517882427,11.325452131627328,0.0705,0.489,93.525018110964,91.20957851149349,68.95436342369531,31.365935919055648,8.857535709787829,5.473000406008932,61.618100955505696,496,Good
Route option 879,878,879,29.965384859667303,98.74,705.46,0.2298823491484439,20.975266683599095,0.01,0.622,75.6913392121106,79.04791684375418,40.75834777772349,53.79426644182125,96.75526876895374,0.5602923264311815,61.59983293718501,497,Good
Route option 387,386,387,19.18744874844375,116.49,459.07,0.5605648466003086,13.430892223186543,0.017,0.562,71.25727561140116,86.52778958361161,62.802429472681744,43.6762225969646,55.198143740523584,1.1287048315062933,61.56911454219359,498,Good
Route option 866,865,866,29.42435289880327,42.37,573.63,0.5489955586914539,20.59655338768718,0.0692,0.617,89.77292598236367,83.04999332127115,41.8649188894645,52.951096121416526,56.65206509355245,5.367438083637841,61.55461122091353,499,Good
Route option 260,259,260,22.295202082076877,32.38,353.76,0.7348039209207864,15.606267419102606,0.03,0.525,92.26849191876296,89.72477565542616,56.446150527675975,37.43676222596966,33.30138460700447,2.184328055217215,61.436898455412056,500,Good
Route option 437,436,437,19.890083332109192,29.92,379.75,0.7547055204918844,13.922724643912073,0.1294,0.485,92.88301566286128,88.93577491469442,61.365332981833674,30.69139966273187,30.800335207611134,10.255785627283801,61.43619409564124,501,Good
Route option 78,77,78,23.110727864868416,53.83,490.3,0.6217178354393444,16.177121785282548,0.0547,0.548,86.91014463790563,85.57971366467923,54.7781579923073,41.315345699831376,47.51300036998298,4.190012180267966,61.41638094457178,502,Good
Route option 750,749,750,32.161780651022696,50.73,644.22,0.5049839622199014,22.512706889428827,0.0193,0.669,87.68454447802952,80.90703209432792,36.26606578983145,61.720067453625646,62.18303643725157,1.3154689403166875,61.41292234339548,503,Good
Route option 147,146,147,23.50399466148748,36.16,330.35,0.8999901504421213,16.45240194522444,0.0538,0.602,91.32422372661189,90.435453121395,53.97381054553059,50.42158516020236,12.542303476040411,4.116930572472595,61.389781914252175,504,Good
Route option 51,50,51,23.456731434904167,31.35,415.88,0.5888353587877233,16.41931847953378,0.1236,0.485,92.52579251080412,87.83894548942939,54.070477886774604,30.69139966273187,51.645366624579715,9.784815265935851,61.38262443004149,505,Good
Route option 696,695,696,26.432581726347887,42.77,638.94,0.5566229980475763,18.50236375880576,0.0457,0.583,89.67300342234769,81.06732158686597,47.98397985416532,47.217537942664414,55.69351889467088,3.4591961023142512,61.32987924849974,506,Good
Route option 98,97,98,32.09453845996488,42.61,479.64,0.4244222574843208,22.465638483785703,0.0917,0.585,89.71297244635407,85.90332843559885,36.40359604958896,47.5548060708263,72.30728813487076,7.194478278522129,61.32557313036627,507,Good
Route option 757,756,757,24.029425139738898,135.2,518.69,0.6920730298959907,16.820194465047823,0.0294,0.714,66.58339786665334,84.71785406370293,52.89914910125522,69.30860033726812,38.671408707394434,2.135606983353634,61.32067894874581,508,Good
Route option 779,778,779,22.831540298352653,36.66,278.55,0.6225812861817255,15.981695172547957,0.0531,0.476,91.1993205265919,92.00799018834014,55.34917951822646,29.17369308600337,47.4044898478552,4.0600893219650835,61.25694909062749,509,Good
Route option 576,575,576,32.383326066616355,98.58,754.94,0.2327612257195838,22.667784963558972,0.0402,0.654,75.73130823611702,77.54581000837877,35.812939589222005,59.190556492411474,96.39347812526933,3.012586276898092,61.23674697105879,510,Good
Route option 230,229,230,15.69603646384225,27.02,140.19,0.8598697275165921,10.986962198096803,0.1428,0.404,93.60745422297721,96.2083034814392,69.94340496541909,17.032040472175385,17.584268032850403,11.343889565570446,61.181032158236704,511,Good
Route option 966,965,966,35.357323217922726,51.18,361.35,0.3998830368626637,24.749533075824257,0.0575,0.615,87.57213159801154,89.49435950990274,29.730231778799826,52.61382799325464,75.39115095595304,4.4173771822980115,61.12860571964395,512,Good
Route option 281,280,281,13.465187461250505,47.13,460.33,0.826867115794307,9.425405322410393,0.0623,0.453,88.58384751817341,86.48953868198322,74.50615400705038,25.29510961214166,21.731731754625923,4.807145757206659,61.113768127545185,513,Good
Route option 415,414,415,25.767300777612046,127.27,1124.14,0.4331321109408389,18.03667825586285,0.0312,0.732,68.5643626189703,66.33768867409017,49.34467706304563,72.34401349072513,71.21271411943012,2.2817701989443773,61.02074214440876,514,Good
Route option 161,160,161,32.906231659202035,147.23,994.75,0.2828103576049048,23.033810105775412,0.027,0.791,63.578226874172515,70.26569197702517,34.74344228632876,82.29342327150086,90.10376503990885,1.9407226958993102,61.02074163490774,515,Good
Route option 255,254,255,44.0699661138311,75.17,575.35,0.3211660979203316,30.848236934175848,0.0263,0.791,81.57927606105268,82.99777780476253,11.910288350447265,82.29342327150086,85.28356951057573,1.883881445391799,60.9742185384022,516,Good
Route option 370,369,370,36.72950088992295,59.24,337.71,0.6434405646783621,25.710034425707622,0.0166,0.734,85.55869201368938,90.21201928331168,26.923720737221863,72.68128161888701,44.78308819773081,1.0962241169305726,60.95444879310269,517,Good
Route option 323,322,323,30.787355490444483,63.33,367.49,0.4007897650528566,21.55063233524616,0.0311,0.563,84.53698383752592,89.3079622591104,39.07717361332667,43.844856661045526,75.27720172351103,2.273650020300447,60.94865662823416,518,Good
Route option 176,175,176,42.01501513690406,110.92,1009.09,0.2585140075826271,29.409805725478677,0.0089,0.867,72.64869725962379,69.83036028706391,16.113273666656504,95.10961214165263,93.15710612506038,0.47097036134794973,60.885311484905635,519,Good
Route option 584,583,584,23.01813735994246,33.61,464.69,0.6456054450505029,16.112309985191,0.0867,0.501,91.9612300467138,86.3571784192056,54.967533085432954,33.38954468802699,44.51102600819886,6.788469346325619,60.873999970283684,520,Good
Route option 609,608,609,35.641847885330094,46.38,461.3,0.4532784483284552,24.948695569644407,0.0844,0.639,88.7712023182034,86.46009155930103,29.14829429579438,56.66104553119731,68.6809083294851,6.601705237515226,60.863717550513215,521,Good
Route option 180,179,180,26.12008290410759,60.82,616.36,0.4942805556859668,18.2836198259146,0.0485,0.563,85.16399790162625,81.75280203033357,48.62313279550349,43.844856661045526,63.52814180868292,3.6865611043442965,60.84525675356245,522,Good
Route option 710,709,710,15.37212192824767,34.85,387.53,0.9860631383937636,10.76022745737484,0.0837,0.499,91.65147011066423,88.6995907760683,70.60590643241108,33.0522765598651,1.7254445571687391,6.544863987007714,60.83193175248955,523,Good
Route option 46,45,46,36.4179008572157,53.3,433.45,0.4572334659182971,25.49191963041093,0.0552,0.66,87.0425420299268,87.30555791672234,27.56103538691602,60.202360876897146,68.18387821226634,4.230613073487617,60.83026948633928,524,Good
Route option 705,704,705,38.7377523760977,54.88,590.14,0.2116273082127925,27.115776774338258,0.0537,0.634,86.64784791786366,82.54878507850543,22.816249754984636,55.817875210792586,99.04939387205933,4.108810393828665,60.817343987075866,525,Good
Route option 399,398,399,32.64529692803772,45.51,480.46,0.5977926783045149,22.851160171565777,0.0215,0.654,88.98853388623817,85.87843499168194,35.27713134065968,59.190556492411474,50.5196933580861,1.4941128704831508,60.75746288856401,526,Good
Route option 314,313,314,35.41067953555155,74.81,942.65,0.2845604831034405,24.786881603025247,0.0528,0.702,81.66920636506707,71.84733640150088,29.621102255984493,67.28499156829679,89.88382541589328,4.035728786033293,60.75575141186007,527,Good
Route option 490,489,490,19.39116548806049,64.53,393.63,0.9690677049558448,13.573490523237941,0.061,0.599,84.23721615747797,88.51440783961337,62.38576821171308,49.915682967959526,3.861273812524963,4.701583434835567,60.751109998932726,528,Good
Route option 648,647,648,25.51965613979986,41.19,391.52,0.6483191630559542,17.863331164036722,0.0474,0.539,90.06769753441083,88.5784629209117,49.85118392771014,39.797639123102876,44.169990969110174,3.5972391392610645,60.74841695148668,529,Good
Route option 754,753,754,17.914418216216315,86.98,777.49,0.8755218745524258,12.539792207789278,0.0455,0.645,78.62906247658064,76.86124030066424,65.4061551547606,57.672849915682974,15.617250617826201,3.442955745026391,60.71804217630966,530,Good
Route option 368,367,368,28.37347742607084,41.84,367.04,0.7225093866334844,19.86095818692323,0.0934,0.598,89.90532337438485,89.32162329540625,44.01427146801784,49.747048903878586,34.846448232931934,7.33252131546894,60.649637870805044,531,Good
Route option 981,980,981,22.44540507926197,64.22,503.11,0.8217633978806818,15.711406997232094,0.0307,0.609,84.31465614149035,85.19082949812388,56.1389407700186,51.602023608768974,22.37311992932736,2.2411693057247266,60.60560750040027,532,Good
Route option 848,847,848,13.299067779852711,101.58,697.17,0.8071966099925822,9.309124332360332,0.039,0.554,74.98188903599711,79.29958349018227,74.84591811309848,42.32715008431705,24.203739421417325,2.9151441331709305,60.599335199174185,533,Good
Route option 706,705,706,40.550621330879245,175.73,789.75,0.2647597616178849,28.38475462885404,0.017,0.894,56.458744473033406,76.48905295624824,19.108394101633483,99.6627318718381,92.37219738831112,1.1287048315062933,60.59285936603875,534,Good
Route option 520,519,520,36.4126409272132,46.08,482.9,0.5296772549664917,25.48823776765308,0.0212,0.682,88.84614423821539,85.80436181709997,27.57179350660501,63.91231028667792,59.07981125315167,1.4697523345513603,60.58698038709265,535,Good
Route option 496,495,496,25.123948520057915,34.55,421.54,0.6581462526853517,17.586342468857598,0.0563,0.526,91.72641203067623,87.66712001068596,50.66052358299212,37.6053962900506,42.93501302034859,4.31993503857085,60.57441461599399,536,Good
Route option 272,271,272,19.841055054595817,35.93,321.99,0.7292728527674124,13.88840567218197,0.0542,0.455,91.38167919862107,90.68924481791358,61.46561037666278,25.632377740303546,33.996478216620105,4.1494112870483155,60.51418133154776,537,Good
Route option 598,597,598,25.33807571807938,57.71,610.42,0.6554251063604195,17.7362279151399,0.0511,0.594,85.94089580575056,81.93312770943886,50.222569841423514,49.0725126475548,43.276981582087544,3.8976857490864805,60.4675321385678,538,Good
Route option 365,364,365,29.282794449992988,81.82,687.96,0.69300323245665,20.49746484839367,0.0241,0.72,79.9180635007869,79.57917936637078,42.154447977221466,70.32040472175379,38.55450943267334,1.7052375152253354,60.44285433111626,539,Good
Route option 212,211,212,40.440432065230496,67.5,882.35,0.2388501786365293,28.307623991504432,0.0146,0.734,83.49529114935925,73.67791526514553,19.333763889392664,72.68128161888701,95.62827470624481,0.9338205440519692,60.4138570768536,540,Good
Route option 497,496,497,29.28667243242343,81.97,556.32,0.600464711558639,20.500179371035504,0.0482,0.658,79.8805925407809,83.57548785078505,42.14651635092251,59.86509274873525,50.18389687391348,3.6622005684125054,60.40236343160285,541,Good
Route option 211,210,211,37.94413327624241,64.69,674.27,0.2637231420963383,26.560256718693378,0.0457,0.659,84.19724713347156,79.99477844834914,24.439436614820572,60.0337268128162,92.50247016475312,3.4591961023142512,60.37821645422355,542,Good
Route option 429,428,429,16.38436915149029,52.78,477.79,0.773162385247032,11.468783531547764,0.0372,0.465,87.17244135794759,85.95949047370402,68.53556010131541,27.318718381112994,28.48084674912645,2.768980917580187,60.21055378867343,543,Good
Route option 742,741,742,12.043682132331526,29.76,261.28,0.884658325699123,8.430375440235743,0.0325,0.366,92.92298468686768,92.53227040351666,77.41355476329322,10.623946037099495,14.469065740957399,2.3873325213154697,60.1355021164816,544,Good
Route option 690,689,690,20.810197615488587,135.37,759.32,0.5019100999798211,14.56678920586096,0.0293,0.601,66.54093077864654,77.41284258843244,59.48342588735835,50.252951096121414,62.56933108064976,2.127486804709704,60.07550881278013,545,Good
Route option 303,302,303,26.120718571864405,64.83,521.85,0.7733748686141135,18.28406478268001,0.0152,0.637,84.16227423746598,84.62192323104759,48.62183266607077,56.32377740303542,28.454143800163884,0.9825416159155503,60.07159460163965,546,Good
Route option 64,63,64,23.502754002250946,48.97,359.7,0.7608090136760326,16.451533504572946,0.08,0.53,88.12420374209987,89.54444997632088,53.9763480622948,38.279932546374376,30.033304501969578,6.244417377182298,59.99935558758879,547,Average
Route option 532,531,532,41.594995673006736,60.8,436.64,0.3776657505671918,29.115799147261594,0.0324,0.696,85.16899402962704,87.20871634831393,16.972338266787464,66.27318718381112,78.18321449571673,2.379212342671539,59.91054614575253,548,Average
Route option 357,356,357,45.22021205700624,56.31,481.74,0.4846345022567944,31.6533897971481,0.0349,0.79,86.2906247658065,85.83957693288485,9.557693634818673,82.12478920741991,64.74036879824527,2.5822168087697936,59.84356931018994,549,Average
Route option 625,624,625,19.48858464419645,31.17,440.7,0.943604564294519,13.641682298167996,0.0311,0.525,92.57075766281132,87.08546344306689,62.186517092170945,37.43676222596966,7.061246379059884,2.273650020300447,59.78503307833331,550,Average
Route option 143,142,143,35.801897132542265,62.16,693.25,0.5724045332219838,25.06072735760596,0.0317,0.725,84.8292573255727,79.41858629524839,28.820946031307304,71.16357504215853,53.71024117227227,2.322371092164028,59.77466291225817,551,Average
Route option 164,163,164,42.230930101153234,60.41,659.23,0.20906607456359,29.56094257812768,0.0163,0.679,85.26641852564264,80.45136063921507,15.671663411969956,63.406408094435086,99.37126608424809,1.071863580998782,59.7334730923258,552,Average
Route option 698,697,698,16.28132903792728,29.1,167.48,0.9114550079426558,11.396657180719494,0.0997,0.402,93.08785691089405,95.37983752474165,68.74630774889847,16.694772344013497,11.10150597313598,7.844092570036541,59.72142551896989,553,Average
Route option 989,988,989,36.20424341880496,80.33,986.34,0.2818114247976928,25.342363007975155,0.0246,0.7,80.29027503684645,70.52100156646549,27.998028330505402,66.94772344013491,90.22930169783358,1.745838408444986,59.66152918152133,554,Average
Route option 908,907,908,12.080141231233926,25.32,151.77,0.9855242578295542,8.455896197806618,0.152,0.349,94.03212510304513,95.8567594807592,77.33898507328625,7.757166947723439,1.7931660941560406,12.09094600081202,59.64782048408332,555,Average
Route option 856,855,856,25.79193747901165,106.97,722.04,0.7353469217593145,18.053923533521754,0.037,0.7,73.63543253978166,78.54458355089798,49.294287688610424,66.94772344013491,33.23314527195911,2.752740560292327,59.61007138352604,556,Average
Route option 597,596,597,14.299059641889004,21.53,144.19,0.912375659187112,10.009101859292484,0.1332,0.349,94.97889135919662,96.08687204769826,72.8006376369908,7.757166947723439,10.985807019704016,10.56435241575315,59.59154380292942,557,Average
Route option 725,724,725,20.502259354770636,65.74,492.11,0.9461128500431876,14.35123758952459,0.03,0.59,83.93495041342959,85.52476594091146,60.11325112534627,48.397976391231026,6.7460281704529335,2.184328055217215,59.38367055025713,558,Average
Route option 428,427,428,47.84002261881064,104.94,962.64,0.2648476511020825,33.487213238819294,0.0283,0.892,74.14253953186281,71.24048281138056,4.199402636081755,99.32546374367622,92.36115224890511,2.046285018270402,59.329977352208395,559,Average
Route option 647,646,647,47.88319095873002,77.31,513.92,0.2268366971297262,33.5174303525436,0.0128,0.757,81.04469036496715,84.862661048439,4.111110554740925,76.55986509274875,97.13801821203052,0.7876573284612263,59.27440562754233,560,Average
Route option 423,422,423,38.05446708355866,61.28,485.56,0.6353465191814414,26.637488532785316,0.0642,0.723,85.04908695760787,85.72360991366224,24.21377119640503,70.82630691399663,45.800273150951085,4.961429151441332,59.20134232882179,561,Average
Route option 606,605,606,26.04532782262426,37.02,564.66,0.7809515870896842,18.231292523014595,0.1052,0.568,91.10939022257752,83.32230331143519,48.77602914841615,44.68802698145025,27.50197173354177,8.290702395452701,59.18268368332345,562,Average
Route option 305,304,305,46.655932252208,55.71,680.58,0.3873592478304721,32.658369847243144,0.0529,0.788,86.44050860583049,79.8032203616228,6.621219253497084,81.78752107925801,76.96502520285424,4.043848964677224,59.16024979123581,563,Average
Route option 618,617,618,14.249271032841753,34.15,325.05,0.979443970488382,9.97425066824447,0.1138,0.413,91.82633459069221,90.59634977110174,72.90247013571688,18.54974704890388,2.5572805035757695,8.989037758830696,59.1252837543679,564,Average
Route option 145,144,145,24.087227047707916,45.59,560.28,0.787447991186486,16.860654830904927,0.0215,0.561,88.96854937423497,83.45527073138153,52.78092702531744,43.50758853288366,26.685563609839065,1.4941128704831508,59.12477548853745,565,Average
Route option 282,281,282,18.730801567051795,89.23,410.91,0.9375899807721382,13.111246857212878,0.0222,0.573,78.0669980764907,87.98982404585252,63.736408637940855,45.53119730185497,7.817103738791779,1.550954120990662,59.11096412425356,566,Average
Route option 134,133,134,26.84258148401114,73.0,812.7,0.4038140690628961,18.789356710755893,0.0405,0.543,82.12135594913941,75.79234010515962,47.145408530344795,40.47217537942666,74.89713510118399,3.036946812829883,59.10508727009124,567,Average
Route option 403,402,403,21.07181584986637,35.97,339.44,0.968571801335854,14.749917580853145,0.0811,0.521,91.37168694261946,90.15950018821871,58.94833886587296,36.762225969645876,3.9235944037168533,6.33373934226553,59.10481374405002,568,Average
Route option 759,758,759,35.67834616310885,67.01,580.76,0.5676018132562539,24.974243751771443,0.0588,0.685,83.61769628537884,82.83354179062792,29.07364447334439,64.41821247892075,54.31380270223025,4.522939504669103,59.09982847477808,569,Average
Route option 266,265,266,31.934070101507448,118.86,688.11,0.3860544594054629,22.35331332498374,0.0083,0.661,70.66523444330643,79.57462568760549,36.731801521099214,60.370994940978086,77.12899897265333,0.4222492894843687,59.03913375639237,570,Average
Route option 992,991,992,40.200170606420386,81.26,587.84,0.4171105505894119,28.1394450011149,0.0122,0.723,80.05795508480928,82.61860815290646,19.82516995930289,70.82630691399663,73.22615599133236,0.7389362565976453,59.01642893213132,571,Average
Route option 187,186,187,43.68901963088955,67.57,497.8,0.2179593987450597,30.58158078711487,0.0292,0.661,83.47780470135645,85.35202972641497,12.689437095133721,60.370994940978086,98.25363516100427,2.1193666260657738,58.94385699493705,572,Average
Route option 413,412,413,24.79389528331049,52.56,381.62,0.8664049721608689,17.355310740315364,0.056,0.569,87.2273987659564,88.87900571942053,51.33558051777661,44.85666104553119,16.762978787527942,4.295574502639059,58.91758483951052,573,Average
Route option 127,126,127,32.09889238944314,220.24,947.96,0.3077978121047259,22.46868616137622,0.009,0.827,45.33986160725438,71.68613617320979,36.39469097016352,88.36424957841484,86.96357232093246,0.47909053999187984,58.89703397340953,574,Average
Route option 594,593,594,26.488324723226807,71.87,521.31,0.7483524178970331,18.541382921441382,0.0412,0.605,82.40363718118459,84.63831647460262,47.86996886315183,50.9274873524452,31.598734520810684,3.093788063337394,58.87594327268238,575,Average
Route option 114,113,114,44.80549579038565,54.84,862.81,0.4207426383600503,31.363095368054957,0.0716,0.792,86.65784017386525,74.27110781897002,10.405911620829219,82.46205733558179,72.76970871407475,5.562322371092164,58.8347659608528,576,Average
Route option 887,886,887,25.839101460129896,133.98,579.5,0.7182578438595486,18.086937529051873,0.0074,0.689,66.8881616747021,82.87179269225632,49.19782333383036,65.09274873524451,35.38074289921039,0.34916768168899726,58.82552912790367,577,Average
Route option 120,119,120,44.2384020519596,54.55,733.88,0.2807581453088325,30.966139265078425,0.072,0.707,86.73028402987684,78.18514650702481,11.56578681117713,68.12816188870151,90.36166814524383,5.594803085667885,58.8160721567227,578,Average
Route option 650,649,650,23.427280652805404,42.05,393.74,0.8366293849412016,16.39870342614951,0.0929,0.515,89.85286403037645,88.5110684751855,54.13071348660243,35.75042158516021,20.5048998459981,7.29192042224929,58.77063519550731,579,Average
Route option 334,333,334,34.64290576113773,76.86,946.03,0.4788819755542766,24.249452841591943,0.0514,0.707,81.15710324498514,71.74472683998981,31.19142774611242,68.12816188870151,65.46329327488986,3.922046285018271,58.7462869730033,580,Average
Route option 467,466,467,20.36174941995161,33.51,384.69,0.7262310240289489,14.25288299243443,0.029,0.42,91.9862106867178,88.78580709402436,60.40063569045594,19.73018549747049,34.37874718511246,2.1031262687779138,58.743630610206665,581,Average
Route option 41,40,41,42.68018683421575,56.49,346.39,0.4560881128047209,29.875414754257555,0.0522,0.682,86.2456596137993,89.94851307209385,14.752799909399434,63.91231028667792,68.32781562325529,3.987007714169713,58.74162851989809,582,Average
Route option 349,348,349,30.08937876921838,84.48,757.85,0.6035397968507495,21.062060340084937,0.0234,0.665,79.25357847668057,77.45746864033224,40.50474339153911,61.04553119730186,49.7974485286214,1.6483962647178243,58.73966617684575,583,Average
Route option 934,933,934,27.680350996089388,63.58,607.65,0.727810912362467,19.37578131426172,0.0619,0.612,84.47453223751593,82.01721897730447,45.43192095951324,52.10792580101181,34.18020139719538,4.7746650426309385,58.73466903489583,584,Average
Route option 708,707,708,14.013558814971695,54.71,321.65,0.9489923102457628,9.809256070192044,0.0539,0.423,86.69031500587046,90.69956648978153,73.38457165623123,20.236087689713322,6.384164181354973,4.125050751116525,58.7160057068222,585,Average
Route option 489,488,489,29.84784458443467,63.06,402.93,0.7987250755240303,20.892990462865935,0.0468,0.633,84.60443156553671,88.23207975616569,40.99875256421854,55.64924114671164,25.268363705451335,3.548518067397483,58.65110090865245,586,Average
Route option 86,85,86,25.392812893680222,67.45,442.0,0.7249623842988853,17.774543019755157,0.0584,0.55,83.50778146936125,87.04599822710107,50.11061605377398,41.65261382799327,34.53817812047959,4.490458790093383,58.64727346988724,587,Average
Route option 867,866,867,26.31822087608712,45.25,324.93,0.9775606762078446,18.42231308221287,0.0649,0.603,89.05348355024856,90.59999271411398,48.217881771920055,50.5902192242833,2.793955551347281,5.018270401948844,58.633518615941355,588,Average
Route option 953,952,953,36.00200515101488,135.84,1175.69,0.2738766711563458,25.200799613398647,0.0219,0.78,66.42352177062776,64.77274107175384,28.411665677304004,80.43844856661046,91.22646832045245,1.5265935850588714,58.62883521242261,589,Average
Route option 784,783,784,39.86400082584024,62.68,574.78,0.5768669835871403,27.904131794504753,0.0157,0.734,84.6993579975519,83.01508178407063,20.512737043576838,72.68128161888701,53.14944158600156,1.0231425091352009,58.57342982505303,590,Average
Route option 954,953,954,23.624091046842835,121.96,878.03,0.739205885170169,16.536467400160596,0.0325,0.688,69.89083460318254,73.80906121358576,53.728177754361425,64.92411467116357,32.74818635765079,2.3873325213154697,58.551031798007585,591,Average
Route option 518,517,518,24.36532994757304,101.41,632.14,0.7653748616356482,17.055322195181123,0.0391,0.632,75.02435612400392,81.27375502422557,52.21212396497571,55.4806070826307,29.45951086009058,2.9232643118148607,58.500888939015766,592,Average
Route option 549,548,549,20.948217967155752,34.14,336.36,0.9315533835898708,14.663401136511634,0.0854,0.48,91.82883265469262,90.25300239219925,59.20113325950083,29.848229342327148,8.57572757217525,6.682907023954527,58.378014301134264,593,Average
Route option 592,591,592,40.39396687007349,49.37,692.18,0.2959104251870763,28.275099134423908,0.0199,0.632,88.02428118208388,79.4510692037741,19.42879901925825,55.4806070826307,88.45746942224486,1.3641900121802684,58.3623476913458,594,Average
Route option 938,937,938,29.60486624519147,62.9,409.28,0.6868665237119267,20.722909701753338,0.0313,0.58,84.64440058954311,88.03930735510195,41.49571546185575,46.71163575042158,39.32571436348359,2.2898903775883075,58.30006355970505,595,Average
Route option 968,967,968,28.541566925725984,62.37,426.81,0.6713251019150306,19.978618016706527,0.0631,0.554,84.77679798156429,87.50713409673227,43.670478498359756,42.32715008431705,41.2788168521546,4.872107186358101,58.21132310164602,596,Average
Route option 199,198,199,27.78576278920163,100.76,662.79,0.7027382631341383,19.449567800985662,0.0393,0.654,75.18673028402988,80.34328666318564,45.21632252257701,59.190556492411474,37.331100603547526,2.9395046691027207,58.12828061237954,597,Average
Route option 749,748,749,40.745064726740075,79.78,648.76,0.4546816177088087,28.520861743851757,0.0124,0.727,80.42766855686844,80.76920741703196,18.710699583947694,71.50084317032041,68.50457094899252,0.7551766138855056,58.10543465042461,598,Average
Route option 917,916,917,37.35292002097704,66.8,405.02,0.4073722670175892,26.14641735857352,0.0442,0.588,83.67015562938722,88.16863183203604,25.64864338351171,48.06070826306914,74.44997361420323,3.3373934226552993,58.0039270233295,599,Average
Route option 388,387,388,30.452634173211415,68.93,541.45,0.8028881051823897,21.31633302867863,0.0429,0.658,83.13806799730209,84.02690920571699,39.76177815968746,59.86509274873525,24.745192550816245,3.231831100284207,57.98256934036857,600,Average
Route option 579,578,579,18.532890121563895,27.08,240.83,0.8702986160954902,12.972712165658397,0.1068,0.378,93.5924658389748,93.1530886085172,64.1411963475432,12.64755480607083,16.27366154499441,8.420625253755585,57.96231835478559,601,Average
Route option 291,290,291,30.92822348271265,174.02,894.91,0.2983375039991782,21.64923756654372,0.0114,0.699,56.88591341710174,73.29662056319899,38.78905671434724,66.77908937605396,88.15245655211842,0.673974827446204,57.9385332464419,602,Average
Route option 736,735,736,39.47428761427201,49.03,499.92,0.4108843518455052,27.631339084481258,0.06,0.607,88.10921535809749,85.28767106653228,21.309816353081064,51.264755480607086,74.00860719950388,4.620381648396266,57.89166227168784,603,Average
Route option 34,33,34,48.62826115194532,151.44,839.7,0.2303807740556852,34.03896698802752,0.0262,0.895,62.52654193000426,74.9726779274083,2.587220633867023,99.83136593591907,96.69263132564447,1.875761266747869,57.87597351303492,604,Average
Route option 922,921,922,35.91844532182713,64.46,778.65,0.5286472008077445,25.14230913481954,0.0306,0.672,84.25470260548076,76.82602518487936,28.582570355344668,62.225969645868474,59.209258955376484,2.233049127080796,57.83956042797358,605,Average
Route option 812,811,812,32.39014399389548,123.35,623.32,0.5440442761530195,22.672557398272517,0.008,0.682,69.54360370712698,81.54151133562434,35.798994902189136,63.91231028667792,57.274296596841346,0.3978887535525782,57.6965578887949,606,Average
Route option 615,614,615,16.497237336736035,105.59,576.27,0.811903064070775,11.547789367672028,0.0375,0.502,73.98016537183682,82.96984857500213,68.30471112701801,33.55817875210793,23.612275699946885,2.793341453511978,57.67871096421417,607,Average
Route option 353,352,353,31.01609994889614,172.23,1152.61,0.4661873231870844,21.710749618601227,0.0115,0.797,57.3330668731733,65.47340044443905,38.60932323108824,83.30522765598653,67.05864004915529,0.6820950060901341,57.61463855771187,608,Average
Route option 521,520,521,34.93408914531829,106.55,650.53,0.379022709016781,24.4532763254425,0.0279,0.634,73.74035122779846,80.71547400760161,30.59587120886348,55.817875210792586,78.01268447860818,2.0138043036946818,57.60566655449996,609,Average
Route option 494,493,494,19.94048483432837,101.74,456.56,0.6829954308506052,13.958004849898153,0.0097,0.479,74.9419200119907,86.60398780828406,61.26224693446778,29.679595278246207,39.81219759520654,0.535931790499391,57.56867870236677,610,Average
Route option 640,639,640,35.42448457520554,237.55,712.15,0.3014751415140777,24.796544899181,0.0084,0.817,41.01571282256251,78.84482277082245,29.592866848129567,86.67790893760541,87.7581472206439,0.4303694681282988,57.50323881370128,611,Average
Route option 465,464,465,31.412363511404617,127.79,1219.15,0.4596870384775557,21.988127464390075,0.0233,0.74,68.43446329094951,63.45338854415854,37.798846507666624,73.69308600337268,67.87553585245855,1.640276086073894,57.43546658416236,612,Average
Route option 474,473,474,36.385018537339384,67.52,769.61,0.5420045629706929,25.468902558152017,0.0146,0.676,83.49029502135845,77.10046022513387,27.628289501079717,62.90050590219225,57.53062892889174,0.9338205440519692,57.40507852509862,613,Average
Route option 447,446,447,13.707409968537627,30.28,206.06,0.9772130854433114,9.59495701383405,0.1279,0.324,92.79308535884691,94.2086313463103,74.01073701033664,3.5413153456998345,2.8376375513676635,10.133982947624851,57.40175356527358,614,Average
Route option 543,542,543,42.450150544208874,107.18,1112.85,0.3850513458098348,29.714393210486413,0.0185,0.829,73.58297319577328,66.68042889582398,15.223292470998137,88.70151770657674,77.2550610334895,1.2505075111652457,57.38683855629154,615,Average
Route option 658,657,658,42.66705205487487,60.07,741.98,0.4235755529837188,29.866220629076267,0.0655,0.704,85.35135270165623,77.93924785369941,14.779664435765866,67.62225969645868,72.41369414385154,5.0669914738124255,57.37220714738011,616,Average
Route option 876,875,876,24.340450931753843,65.45,457.3,0.7825466857507859,17.03790730149372,0.0451,0.517,84.00739426944118,86.58152299304197,52.26300894439561,36.0876897133221,27.301514452001683,3.410475030450671,57.30174882798266,617,Average
Route option 851,850,851,33.17492261168593,45.45,656.32,0.4476474412104587,23.221889264785503,0.0431,0.532,89.00352227024057,80.5397020072616,34.19388945486567,38.617200674536264,69.38856134602442,3.2480714575720673,57.28181706160515,618,Average
Route option 551,550,551,18.09220616450449,37.61,357.68,0.8781122636074041,12.664240788908412,0.0259,0.4,90.96200444655392,89.60577285036004,65.04252597603848,16.35750421585161,15.29171442326035,1.8514007308160785,57.26742927542958,619,Average
Route option 289,288,289,24.620011847492044,176.62,860.88,0.5398628265415204,17.23359525242048,0.0169,0.669,56.236416776997835,74.32969848575001,51.6912238083868,61.720067453625646,57.79978260122367,1.1205846528623629,57.216049988136895,620,Average
Route option 599,598,599,14.929430553448318,81.79,624.26,0.8495272919679238,10.450350921884597,0.0483,0.45,79.92555769278809,81.51297494869522,71.51134182662982,24.789207419898823,18.884009901580708,3.670320747056436,57.19530049644477,621,Average
Route option 426,425,426,45.10407596780755,87.99,676.37,0.2433693953647944,31.572096483081193,0.0337,0.701,78.37675801254028,79.93102694563515,9.795226443661626,67.11635750421586,95.0603412472494,2.4847746650426314,57.16390796137074,622,Average
Route option 769,768,769,25.52957498658067,44.88,471.82,0.6453858462073743,17.87027419037847,0.0872,0.444,89.14591191826335,86.14072688856237,49.83089693894907,23.77740303541316,44.53862316453557,6.8290702395452705,57.06584843161587,623,Average
Route option 899,898,899,21.836181086447,38.06,379.52,0.8277787321434866,15.284960422986996,0.0768,0.43,90.84959156653593,88.94275722213452,57.3849848483609,21.416526138279934,21.61716822346615,5.984571660576533,57.04896660285574,624,Average
Route option 396,395,396,17.947995576155012,28.62,312.39,0.9140890624353176,12.56329579643143,0.135,0.368,93.20776398291324,90.98068025889182,65.33747947715855,10.961214165261383,10.770482309268859,10.710515631343892,56.976875563197005,625,Average
Route option 224,223,224,12.85279758468311,28.55,149.76,0.9940781748653282,8.996742682651456,0.0338,0.303,93.22525043091603,95.917778776214,75.75867325831587,0.0,0.7181887292284519,2.4928948436865612,56.964737771112155,626,Average
Route option 593,592,593,28.072547402986565,55.25,450.79,0.5868176538919772,19.650312219355826,0.0711,0.469,86.55541954984886,86.77915265145536,44.62976277775268,27.99325463743676,51.89893315824605,5.521721477872513,56.8889854519046,627,Average
Route option 755,754,755,45.95680631346752,76.09,807.1,0.3913785709326864,32.16899341910185,0.0389,0.766,81.34945417301591,75.96234411239693,8.051139522982696,78.07757166947724,76.459913762196,2.9070239545270002,56.882001445669644,628,Average
Route option 845,844,845,29.279006715877717,84.53,766.1,0.5263700817645811,20.494813498058395,0.0468,0.567,79.24108815667859,77.20701630824155,42.16219501890126,44.5193929173693,59.495426265441445,3.548518067397483,56.86101676109722,629,Average
Route option 815,814,815,28.68918031018506,55.09,366.48,0.6797635307264802,20.081944909372776,0.0357,0.498,86.59538857385526,89.33862369612999,43.368565268154526,32.88364249578415,40.21835298163492,2.647178237921235,56.759866480252064,630,Average
Route option 878,877,878,11.029325343806914,64.21,274.79,0.9819383581709984,7.72034270575682,0.046,0.338,84.31715420549075,92.12213573605663,79.48821578218597,5.902192242833058,2.2438088756709624,3.4835566382460423,56.73890910190199,631,Average
Route option 58,57,58,21.176511537640916,160.28,703.39,0.7507210325674853,14.823202805854535,0.0186,0.628,60.31825335365092,79.11075761071511,58.734205077122006,54.80607082630692,31.301068884550375,1.2586276898091757,56.723605900360596,632,Average
Route option 669,668,669,37.191275448484205,51.82,631.17,0.653626226800982,26.033268869679688,0.0189,0.66,87.41225550198597,81.30320214690775,25.979254562201838,60.202360876897146,43.503048166617056,1.2829882257409666,56.69283157365739,633,Average
Route option 150,149,150,41.5842133694237,62.56,898.52,0.4346789013360717,29.108251715644187,0.0315,0.705,84.7293347655567,73.18702869424779,16.994391281259936,67.79089376053963,71.01832777499767,2.306130734876168,56.60718857862739,634,Average
Route option 713,712,713,18.056684065246117,67.5,396.37,0.8723202651914723,12.639375915368658,0.0584,0.424,83.49529114935925,88.43122730750082,65.11517922337148,20.404721753794266,16.01959934063607,4.490458790093383,56.57152572154202,635,Average
Route option 154,153,154,41.47293242269601,58.71,587.58,0.536266647545474,29.030356919854047,0.067,0.673,85.69108940571058,82.62650119609962,17.221993881186563,62.39460370994942,58.2517171950256,5.1887941534713775,56.5325487598247,636,Average
Route option 80,79,80,38.82861133918953,153.95,1059.67,0.2040630503805817,27.179376524195348,0.0065,0.742,61.89952786590393,68.29485980740975,22.630416179386646,74.03035413153457,100.0,0.27608607389362566,56.516356709511,637,Average
Route option 569,568,569,40.37065442154735,71.76,781.2,0.4778301329221397,28.258780811559927,0.0137,0.693,82.43111588518899,76.74861264586951,19.476479903104334,65.7672849915683,65.59547915140517,0.8607389362565977,56.4611075422548,638,Average
Route option 891,890,891,17.277360622664627,74.29,530.73,0.9750531531867012,12.093862579982492,0.0398,0.482,81.79910569308785,84.35234544814271,66.70912721654733,30.185497470489036,3.10907790739666,2.980105562322372,56.404584595336544,639,Average
Route option 965,964,965,42.97032396364842,68.98,736.73,0.3649576634041618,30.078505877337214,0.0429,0.673,83.12557767730009,78.09862661048439,14.159383273973836,62.39460370994942,79.7802496311584,3.231831100284207,56.40322393617029,640,Average
Route option 159,158,159,23.06719796636522,42.84,365.01,0.8834064492431517,16.146651586615302,0.0228,0.457,89.65551697434488,89.38324974802977,54.86718956837857,25.969645868465435,14.62639002271355,1.599675192854243,56.261102672176726,641,Average
Route option 217,216,217,41.6403385780835,82.66,795.33,0.2986271419619302,29.1475384201142,0.0478,0.653,79.70822612475332,76.31965610617965,16.879598553591528,59.021922428330534,88.1160575254877,3.6297198538367854,56.2229523154912,642,Average
Route option 32,31,32,28.701182474008885,73.25,431.12,0.6193237341558048,20.090346222693594,0.0539,0.496,82.05890434912942,87.37629172687642,43.34401727704395,32.54637436762226,47.813868928607754,4.125050751116525,56.21995783840321,643,Average
Route option 254,253,254,41.63505316652102,63.4,614.12,0.5219148518515442,29.143838720691853,0.0621,0.672,84.51949738952312,81.82080363322851,16.890408790641786,62.225969645868474,60.05531845191384,4.790905399918799,56.1809334465718,644,Average
Route option 277,276,277,37.43610189265143,83.99,654.68,0.3507080074678984,26.20464327323413,0.0118,0.588,79.37598361270015,80.58948889509539,25.478511740884848,48.06070826306914,81.57101490576024,0.7064555420219245,56.16728835707127,645,Average
Route option 329,328,329,32.18366713898695,49.96,538.74,0.6638131659474185,22.5280270638223,0.0196,0.55,87.87689540606031,84.10917900207649,36.22130141901677,41.65261382799327,42.222847650933296,1.3398294762484777,56.07233924088596,646,Average
Route option 208,207,208,43.05874216315692,59.27,618.91,0.527034413816938,30.140397133633765,0.0332,0.69,85.55119782168819,81.67538949132373,13.978541785105033,65.26138279932546,59.411939142981296,2.444173771822981,56.05563207163302,647,Average
Route option 810,809,810,36.1982275932282,58.78,660.72,0.499719375211863,25.338152030996703,0.0335,0.582,85.67360295770779,80.40612743014655,28.01033248123595,47.048903878583474,62.84464115537837,2.4685343077547715,56.03620080452213,648,Average
Route option 649,648,649,22.203727664965527,43.29,555.36,0.7558620634625008,15.542236861757091,0.0226,0.424,89.54310409432689,83.60463139488287,56.63324288960801,20.404721753794266,30.65499155863965,1.5834348355663825,56.0134730686451,649,Average
Route option 52,51,52,24.750118069372306,64.59,467.46,0.7312805369183129,17.324667424992747,0.0305,0.468,84.22222777347555,86.27308715134,51.42511792739496,27.824620573355823,33.74417099770323,2.224928948436866,56.00593012867518,650,Average
Route option 519,518,519,34.698380079097475,105.61,720.12,0.4384314656755608,24.28828393349167,0.0094,0.618,73.97516924383602,78.60287063909364,31.0779662833187,53.119730185497474,70.5467401142202,0.5115712545676006,55.9892981586655,651,Average
Route option 125,124,125,49.22140563278839,68.0,797.81,0.4597642674066112,34.4541581736523,0.029,0.802,83.37038794933926,76.24436861726026,1.3740639350624888,84.14839797639124,67.86583043325646,2.1031262687779138,55.98788624912832,652,Average
Route option 235,234,235,33.72242947809392,77.31,737.63,0.4728161378048271,23.6051348859511,0.0511,0.572,81.04469036496715,78.07130453789267,33.07407523745905,45.362563237774026,66.22559179295018,3.8976857490864805,55.98167390424088,653,Average
Route option 270,269,270,26.105825099743743,108.66,685.37,0.8507255148517439,18.273639602057813,0.0274,0.637,73.21325972371413,79.65780621971804,48.652294241715815,56.32377740303542,18.733428305703875,1.973203410475031,55.974045230816614,654,Average
Route option 751,750,751,20.02011960022278,74.58,506.17,0.9925700468984842,14.013747850021256,0.0397,0.512,81.72666183707628,85.09793445131206,61.09937017707941,35.244519392917375,0.9077163364043785,2.9719853836784416,55.92803658335535,655,Average
Route option 747,746,747,29.33662157159767,83.7,378.36,0.5630948959967489,20.535142930479257,0.0354,0.483,79.44842746871176,88.97797233791938,42.044355520389914,30.354131534569984,54.88019047748075,2.6228177019894443,55.88635508118525,656,Average
Route option 174,173,174,42.93112568638353,102.25,638.11,0.4745390857658269,30.051067740866777,0.0097,0.733,74.81451874797033,81.09251860936722,14.239555397598602,72.51264755480608,66.00906759108139,0.535931790499391,55.871529180461486,657,Average
Route option 582,581,582,44.54429493300454,53.21,686.9,0.2836223103005554,31.18025914995826,0.0738,0.611,87.0650246059304,79.61135869631212,10.940144982345103,51.93929173693086,90.00172631711484,5.740966301258629,55.745392200195376,658,Average
Route option 988,987,988,25.73498431692188,71.92,422.25,0.9102874797884422,18.01405727554103,0.0137,0.546,82.39114686118259,87.64556593119694,49.4107738270452,40.97807757166949,11.248230138620215,0.8607389362565977,55.72351149024596,659,Average
Route option 441,440,441,28.131862782542548,84.95,629.46,0.6828686301265645,19.69183198993285,0.0233,0.552,79.13616946866179,81.355114084832,44.50844520273589,41.98988195615516,39.82813274019686,1.640276086073894,55.68817148093714,660,Average
Route option 386,385,386,29.527738583111574,52.74,537.05,0.820265543908733,20.668921632239645,0.0558,0.556,87.18243361394919,84.16048378283202,41.653464447031105,42.664418212478935,22.56135639562436,4.279334145351198,55.6849355804398,661,Average
Route option 767,766,767,26.953326473335373,84.9,473.84,0.6327889884224669,18.86687634535517,0.0116,0.488,79.14865978866379,86.07940401452319,46.91890212255226,31.197301854974707,46.12168001806303,0.6902151847340642,55.66147742331341,662,Average
Route option 701,700,701,26.543506335052808,105.4,930.26,0.735747177970618,18.58000912395811,0.0094,0.631,74.02762858784443,72.22347026751345,47.75710607137066,55.31197301854975,33.1828447645397,0.5115712545676006,55.595753931806534,663,Average
Route option 688,687,688,21.268491071013127,83.79,659.83,0.8446861642672496,14.887586936108505,0.0354,0.507,79.42594489270815,80.43314592415392,58.54607960235604,34.40134907251265,19.49239816127321,2.6228177019894443,55.568988579690746,664,Average
Route option 391,390,391,19.353091463985947,72.34,647.3,0.8738970670546575,13.546839345139567,0.0136,0.47,82.28622817316578,80.81352989034741,62.46364090352474,28.161888701517707,15.821441431831154,0.8526187576126675,55.49301465995111,665,Average
Route option 464,463,464,28.899490697931856,88.09,581.3,0.8271428707622401,20.22915865249602,0.0449,0.604,78.35177737253628,82.81714854707289,42.93841803765081,50.75885328836425,21.6970774146838,3.3942346731628104,55.459579826133904,666,Average
Route option 43,42,43,26.646154657343956,45.92,568.29,0.7233839823998995,18.651861227469013,0.0426,0.466,88.88611326222178,83.21210428531529,47.54715975334784,27.487352445193935,34.73653710702017,3.207470564352416,55.4379311758028,667,Average
Route option 677,676,677,19.021513400051493,33.65,277.36,0.9676753640221925,13.31474026314787,0.1154,0.36,91.9512377907122,92.04411603987808,63.14181656296438,9.612141652613827,4.036250373751688,9.11896061713358,55.36652630561377,668,Average
Route option 955,954,955,46.128731533732214,64.68,917.07,0.2451867392027856,32.28933818896137,0.0305,0.673,84.19974519747197,72.62389042027418,7.699501365006221,62.39460370994942,94.83195424256361,2.224928948436866,55.36296507846888,669,Average
Route option 843,842,843,46.002895175125026,60.88,705.53,0.5192874804597833,32.20125484904634,0.0485,0.726,85.14900951762384,79.04579179366371,7.95687410694002,71.33220910623946,60.38550224532558,3.6865611043442965,55.31749888999018,670,Average
Route option 470,469,470,27.608204613925498,68.22,594.38,0.8315034604828617,19.325280057120143,0.0144,0.558,83.31543054133046,82.42006775874002,45.57948174721917,43.00168634064082,21.149078734336538,0.9175801867641088,55.30309424771891,671,Average
Route option 572,571,572,45.39943910449236,115.68,821.11,0.3164540078665886,31.77884572356256,0.0171,0.745,71.45961879543354,75.5370305157193,9.19112107065067,74.53625632377741,85.87574150944943,1.1368250101502235,55.24877679610117,672,Average
Route option 626,625,626,48.2398424080153,56.44,511.38,0.3379571111790873,33.76708038363397,0.0522,0.648,86.2581499338013,84.93977000886449,3.3816523724380274,58.17875210792581,83.17342989712458,3.987007714169713,55.23744087864877,673,Average
Route option 531,530,531,34.16424364401239,152.05,1273.9,0.5063499058332936,23.914397389941332,0.0261,0.777,62.37416002597986,61.79129579482945,32.17043399603858,79.93254637436763,62.01137724766356,1.867641088103939,55.15672871721659,674,Average
Route option 918,917,918,42.57284357543571,95.26,866.3,0.2151421124091707,29.800276273969637,0.0416,0.634,76.56066548424971,74.16515889303105,14.97234876750467,55.817875210792586,98.60768571222363,3.1262687779131144,55.06890911960886,675,Average
Route option 197,196,197,23.557555288894388,44.23,455.77,0.8665677503662412,16.48989348584246,0.0442,0.438,89.30828607828933,86.62797051644789,53.86426314851441,22.76559865092749,16.74252232465286,3.3373934226552993,55.047558739859596,676,Average
Route option 257,256,257,26.354871235997024,53.02,383.95,0.8165535766081871,18.447967719280282,0.0555,0.46,87.112487821938,88.80827190926644,48.14292089632513,26.47554806070827,23.027842195141723,4.254973609419408,55.03052468244897,677,Average
Route option 872,871,872,47.37636914436987,81.95,753.68,0.2846402875393119,33.16266358525343,0.0362,0.692,79.88558866878171,77.58406091000717,5.1477117523401485,65.59865092748734,89.87379633075909,2.687779131140886,55.022356628973235,678,Average
Route option 27,26,27,36.81022728405576,57.05,558.53,0.5254581179187721,25.76654154728376,0.0172,0.551,86.10576802977693,83.5083969836432,26.758611275740652,41.82124789207421,59.610033466771206,1.1449451887941535,54.99498600615087,679,Average
Route option 453,452,453,28.327732486252152,88.2,657.66,0.9069867110651096,19.828937496496067,0.0448,0.625,78.3242986685319,80.49902247695839,44.10783346171384,54.300168634064086,11.663040295137279,3.3861144945188797,54.987266075579,680,Average
Route option 276,275,276,30.43190226086944,127.96,707.31,0.6429422668315468,21.301821037850864,0.0078,0.63,68.39199620294274,78.991754805649,39.804181080306314,55.14333895446881,44.845709673258156,0.38164839626471786,54.96011664982774,681,Average
Route option 122,121,122,25.755131905255272,105.68,603.8,0.7220816121723521,18.028160249365772,0.0281,0.534,73.95768279583322,82.13409673228011,49.369566022638644,38.95446880269816,34.90020698007528,2.0300446609825418,54.94316410287861,682,Average
Route option 141,140,141,41.13411217922115,62.12,633.64,0.4104289420311442,28.79318843368343,0.0634,0.587,84.83924958157428,81.22821823657273,17.9149819495875,47.89207419898819,74.06583890284594,4.896467722289891,54.922061167223006,683,Average
Route option 21,20,21,48.20632727646397,86.05,734.77,0.2466202412484596,33.743620353819,0.046,0.686,78.86138242861782,78.15812801301745,3.4502007744985312,64.5868465430017,94.65180493257705,3.4835566382460423,54.82317991572204,684,Average
Route option 340,339,340,21.528441719186297,136.29,973.19,0.791142636904764,15.069548028733937,0.0291,0.598,66.31110889060979,70.92020740488883,58.01440329013339,49.747048903878586,26.22125462695259,2.1112464474218435,54.626961647475134,685,Average
Route option 864,863,864,29.499492356470483,51.39,287.02,0.7148609781918562,20.649149747467366,0.0191,0.442,87.51967225400315,91.75085912739371,41.71123637304969,23.440134907251267,35.80762963299533,1.2992285830288268,54.615666743443015,686,Average
Route option 487,486,487,24.686964362684183,127.4,687.68,0.8174263512546782,17.280460889817416,0.0156,0.586,68.5318877869651,79.58767956673265,51.554286021843275,47.72344013490725,22.918159930778288,1.0150223304912709,54.39974011278421,687,Average
Route option 385,384,385,16.624474097735803,107.5,773.91,0.9294572749093944,11.636852965767831,0.0184,0.491,73.50303514776049,76.96992143386238,68.04447414610291,31.703204047217536,8.839147170064352,1.2423873325213155,54.39238474592631,688,Average
Route option 635,634,635,35.939256481081614,79.12,886.67,0.6556170229456262,25.156876597156568,0.0499,0.655,80.59254078089481,73.54676931670532,28.540005351243842,59.35919055649242,43.25286327649859,3.8002436053593187,54.349999976547295,689,Average
Route option 56,55,56,33.782094529126304,147.59,1002.14,0.3696358795063795,23.646899420695295,0.0202,0.641,63.488296570158134,70.0413474031888,32.9520424803784,56.9983136593592,79.19233459795294,1.3885505481120588,54.332263133836726,690,Average
Route option 944,943,944,36.00678403949087,78.29,448.75,0.7642453140287417,25.204144755158197,0.0126,0.619,80.79988009292798,86.84108268266323,28.401891430464097,53.288364249578414,29.601461980840803,0.7714169711733659,54.2850553092927,691,Average
Route option 246,245,246,26.55083876313588,63.41,734.6,0.7043340947050836,18.58514170060283,0.0155,0.481,84.51699932552273,78.16328884895144,47.74210907732489,30.016863406408095,37.13055121666097,1.0069021518473407,54.23835781476613,692,Average
Route option 920,919,920,15.843614376381034,75.69,477.35,0.9318862447366076,11.09026426101395,0.0261,0.374,81.4493767330319,85.97284793141553,69.6415642858303,11.973018549747051,8.533896654607375,1.867641088103939,54.236211434162406,693,Average
Route option 267,266,267,29.99316095300995,89.34,817.71,0.6861567227980865,20.994709482949716,0.0443,0.576,78.03951937248632,75.6402472343991,40.70153741398654,46.0370994940978,39.41491559290773,3.345513601299229,54.227524813049016,694,Average
Route option 849,848,849,28.63962741284237,78.76,760.79,0.58291589644042,20.047258712563508,0.0502,0.488,80.6824710849092,77.36821653653264,43.46991566640995,31.197301854974707,52.38927003272359,3.824604141291109,54.14723402222271,695,Average
Route option 509,508,509,42.50147385614597,62.57,814.19,0.4341371566075394,29.750318667810177,0.0315,0.628,84.7268367015563,75.74710689609113,15.11832104887039,54.80607082630692,71.08640925372906,2.306130734876168,54.0595306091252,696,Average
Route option 514,513,514,26.011191961207377,108.16,615.18,0.7865224184852684,18.207397992707484,0.0275,0.539,73.33816292373412,81.78862430328715,48.8458471274834,39.797639123102876,26.801881046545862,1.9813235891189611,53.97560133600622,697,Average
Route option 390,389,390,34.73184590611471,74.54,828.72,0.8176716191050282,24.311709450959942,0.0397,0.669,81.73665409307786,75.30600721302716,31.0095187236798,61.720067453625646,22.88733693046533,2.9719853836784416,53.94225839509654,698,Average
Route option 188,187,188,38.53717405022983,66.6,351.51,0.6799086304422197,26.97537531125906,0.0592,0.574,83.72011690939522,89.79308083690543,23.226492027349288,45.699831365935914,40.20011818821512,4.555420219244825,53.89701165906838,699,Average
Route option 996,995,996,43.39949218653671,117.46,559.9,0.2902375350932615,30.37891643336263,0.0338,0.618,71.0149634033624,83.4668067175869,13.281606743421035,53.119730185497474,89.17038590472522,2.4928948436865612,53.882385079801466,700,Average
Route option 832,831,832,33.45926657335234,192.9,843.32,0.5070330047254779,23.420925267618614,0.0052,0.713,52.16956858434714,74.86278247987273,33.612321568791906,69.13996627318718,61.925531681938054,0.17052375152253352,53.838623215449324,701,Average
Route option 253,252,253,33.79081288396584,54.67,668.59,0.5840148078756968,23.653002122818357,0.0719,0.502,86.70030726187204,80.16721108426127,32.93421085432819,33.55817875210793,52.251168983339745,5.586682907023956,53.82314317691547,702,Average
Route option 322,321,322,35.987599578875965,112.64,748.84,0.4902137065099807,25.19071595457836,0.0088,0.608,72.21903025155505,77.7309929448337,28.441129352521205,51.433389544688026,64.03922588776341,0.4628501827040196,53.814029984257196,703,Average
Route option 321,320,321,45.47293912527119,128.8,648.24,0.3308867366749697,31.830294505025105,0.0077,0.698,68.18215882690914,80.7849935034183,9.040791689783175,66.61045531197301,84.06196932551755,0.3735282176207877,53.80059279433869,704,Average
Route option 875,874,875,39.2379096473372,173.81,1481.19,0.2759629179346648,27.46587847325253,0.0172,0.796,56.938372761110145,55.49841531978967,21.79327952824063,83.13659359190557,90.96428807542941,1.1449451887941535,53.716672283603884,705,Average
Route option 544,543,544,31.06660159763546,86.22,912.31,0.7878804163996809,21.746099925471288,0.0115,0.629,78.81891534061101,72.7683938264259,38.50603235433305,54.97470489038786,26.631220399089607,0.6820950060901341,53.63613769028169,706,Average
Route option 192,191,192,45.452556504585665,81.21,622.83,0.584086262361829,31.816027012496917,0.0243,0.71,80.07044540481128,81.55638668625761,9.082480205182815,68.63406408094434,52.242189242842684,1.7214778725131954,53.63309210360827,707,Average
Route option 699,698,699,38.925577529485366,59.19,583.77,0.6155181482267742,27.247251230636557,0.0332,0.581,85.57118233369138,82.74216463673787,22.43209150957307,46.880269814502526,48.292119853521555,2.444173771822981,53.59816690832293,708,Average
Route option 167,166,167,32.072964776491105,135.19,1116.43,0.5509477623198349,22.45053726728776,0.0073,0.662,66.58589593065375,66.57174776262582,36.44772064227993,60.539629005059034,56.40673015477967,0.3410475030450671,53.50911009086793,709,Average
Route option 580,579,580,32.743054853535895,56.53,425.12,0.9062253597011976,22.919589079365974,0.0695,0.555,86.23566735779772,87.55843887748783,35.077187337116435,42.49578414839799,11.758719909463604,5.391798619569632,53.47273683294067,710,Average
Route option 15,14,15,27.088613431485637,96.49,812.79,0.6173945806327317,18.961574946401143,0.0205,0.496,76.25340361220054,75.78960789790045,46.64220009658449,32.54637436762226,48.05630714283183,1.4129110840438492,53.45470346817615,711,Average
Route option 149,148,149,25.216409915264695,73.17,412.46,0.93206666668646,17.65106389431175,0.0539,0.474,82.07888886113261,87.9427693652779,50.47141255760336,28.836424957841484,8.511222888727223,4.125050751116525,53.44684460267979,712,Average
Route option 6,5,6,38.210514858480224,157.2,986.69,0.2121393592371373,26.74671935727466,0.019,0.632,61.087657065774025,70.51037631601315,23.894607131672345,55.4806070826307,98.98504402408248,1.2911084043848968,53.35243969842915,713,Average
Route option 773,772,773,40.541309053315686,84.46,861.5,0.5494880292457013,28.378236190788183,0.0117,0.661,79.25857460468137,74.31087661352016,19.127440476121027,60.370994940978086,56.59017593838585,0.6983353633779945,53.263883712873664,714,Average
Route option 190,189,190,33.58426027032377,65.18,544.96,0.8603666606370282,23.508418758525636,0.0151,0.585,84.07484199745198,83.92035312260931,33.356672320275415,47.5548060708263,17.521818063541893,0.9744214372716201,53.25007119646414,715,Average
Route option 664,663,664,34.212846815192165,50.58,622.03,0.711820161256338,23.948418794369765,0.0194,0.527,87.72201543803553,81.58067297300579,32.07102606996958,37.77403035413155,36.18977144742957,1.3235891189606175,53.11825687121795,716,Average
Route option 85,84,85,27.396388099683,43.1,284.04,0.8194009181605368,19.177012050717636,0.0227,0.391,89.59056731033449,91.84132554553072,46.01270945390789,14.839797639123105,22.670014581641045,1.5915550142103132,53.10409467134925,717,Average
Route option 628,627,628,34.66394405865889,50.85,414.34,0.6444200544501757,24.264179296905027,0.0386,0.468,87.65456771002472,87.88569659141965,31.148398176768772,27.824620573355823,44.659994961091485,2.8826634185952096,53.07020918619115,718,Average
Route option 695,694,695,48.21146280349183,73.37,665.01,0.3028992483513537,33.74721513658166,0.0269,0.626,82.02892758112463,80.2758922174594,3.4396970958553847,54.468802698145026,87.57917861375797,1.93260251725538,53.06919676054823,719,Average
Route option 894,893,894,33.07788365643177,71.61,767.52,0.7308016555242058,23.15396362409422,0.0551,0.567,82.46858684519496,77.16390814926352,34.39236295063899,44.5193929173693,33.80435239261237,4.222492894843687,53.02002820402873,720,Average
Route option 590,589,590,35.9836789928229,86.96,605.5,0.8047726791449985,25.187971610115437,0.0455,0.629,78.63405860458145,82.08248837294022,28.449148115886835,54.97470489038786,24.508356684409808,3.442955745026391,52.87352085824591,721,Average
Route option 929,928,929,37.958164724421955,68.66,819.24,0.447783377401064,26.570078497018645,0.0574,0.535,83.20551572531289,75.5937997109932,24.410738134260246,39.1231028667791,69.37147813989041,4.409257003654081,52.844778858353855,722,Average
Route option 557,556,557,26.60625336750051,74.52,633.72,0.9105673545713192,18.62393099398777,0.0132,0.515,81.74165022107867,81.2257896078979,47.628769746575315,35.75042158516021,11.213058058350018,0.8201380430369468,52.81307742745803,723,Average
Route option 60,59,60,27.72616160093837,88.66,424.7,0.8301414722686034,19.40784796910845,0.0223,0.481,78.20938772451352,87.57118917803062,45.338224661319856,30.016863406408095,21.3202408458584,1.5590742996345923,52.70402202668798,724,Average
Route option 502,501,502,38.46186193808117,109.21,765.62,0.6340603620284642,26.922658096238422,0.0091,0.664,73.07586620369214,77.22158808029047,23.38052767347787,60.87689713322092,45.9619055143944,0.48721071863581006,52.70055328918141,725,Average
Route option 821,820,821,46.383509353157315,174.01,1006.42,0.2123579421864623,32.46767838824579,0.0114,0.766,56.88841148110215,69.91141576908598,7.178405024527682,78.07757166947724,98.95757453590522,0.673974827446204,52.699537235027826,726,Average
Route option 346,345,346,33.76005968942279,105.82,1075.36,0.700787131134363,23.63147540257318,0.0281,0.666,73.92270989982764,67.81854500856093,32.99711027457824,61.21416526138282,37.57630086992521,2.0300446609825418,52.699493922640485,727,Average
Route option 214,213,214,48.17770749662727,72.76,554.46,0.5565110406577296,33.723586988076754,0.0271,0.682,82.18130948514901,83.63195346747459,3.5087367277925092,63.91231028667792,55.70758866638111,1.9488428745432402,52.49049984017371,728,Average
Route option 637,636,637,48.336327751305184,67.72,1089.47,0.3132169619599681,33.834618505238005,0.0291,0.677,83.44033374135044,67.39019562603976,3.1843111776211916,63.069139966273205,86.28254357034102,2.1112464474218435,52.30982834054318,729,Average
Route option 657,656,657,41.28681445400474,68.86,674.75,0.5497376396481417,28.900077464202415,0.0143,0.586,83.15555444530489,79.98020667630023,17.602660426654165,47.72344013490725,56.55880720619546,0.9094600081201788,52.27385907899157,730,Average
Route option 83,82,83,23.732637463804306,47.74,280.02,0.98729510706099,16.612448070990574,0.0616,0.367,88.43146561414903,91.96336413644036,53.50616808029203,10.79258010118044,1.5706221026102272,4.750304506699148,52.00860142602295,731,Average
Route option 763,762,763,31.915167721229007,101.42,742.32,0.7226316327210902,22.34008197590707,0.0098,0.56,75.0218580600035,77.92892618183143,36.77046250505636,43.33895446880271,34.831085472622526,0.5440519691433211,51.96087451411103,732,Average
Route option 379,378,379,22.87455630367753,56.18,495.15,0.8540522636356775,16.011805654611774,0.0175,0.359,86.32309959781169,85.43247805126835,55.261199006393134,9.443507588532883,18.31535321489193,1.1693057247259442,51.945117406846364,733,Average
Route option 735,734,735,47.1934916356115,131.43,816.96,0.5135741922195705,33.03465239719084,0.0076,0.771,67.52516799480402,75.66301562822552,5.52175059443736,78.92074198988196,61.1034955940862,0.3654080389768576,51.9308427325491,734,Average
Route option 958,957,958,43.22285428557992,76.01,908.71,0.5190572215392459,30.255272866081548,0.026,0.645,81.36943868501912,72.87768211679276,13.642883733647631,57.672849915682974,60.414439061829086,1.8595209094600083,51.92913502856678,735,Average
Route option 796,795,796,30.08448583356051,67.58,553.54,0.7166073423504262,21.058635367211398,0.0292,0.442,83.47530663735606,83.659882697235,40.514750898751736,23.440134907251267,35.58816269948027,2.1193666260657738,51.90853717430771,736,Average
Route option 8,7,8,39.05881729080388,100.12,511.56,0.5492653773934595,27.34051682824537,0.0099,0.558,75.34660638005546,84.93430559434614,22.159576609390694,43.00168634064082,56.61815676873738,0.5521721477872514,51.88583809961926,737,Average
Route option 905,904,905,26.602998873193833,45.55,530.41,0.8106460921697685,18.621652902572542,0.0644,0.382,88.97854163023656,84.36205996284198,47.63542615440998,13.322091062394605,23.770240330218716,4.977669508729193,51.86730257815545,738,Average
Route option 458,457,458,31.685481749632128,53.4,496.82,0.9692816204599032,22.179305649145764,0.0735,0.521,87.01756138992282,85.3817804276815,37.24023856141977,36.762225969645876,3.834390885801673,5.716605765326837,51.81164257465149,739,Average
Route option 268,267,268,35.429054881190304,72.11,790.85,0.5221369666031983,24.799744036696005,0.041,0.494,82.34368364517499,76.4556593119695,29.583519214458388,32.209106239460375,60.027405119408265,3.0775477060495335,51.754187540178876,740,Average
Route option 22,21,22,28.448240989630253,53.88,526.95,0.9369301893556392,19.913291427134194,0.0364,0.468,86.89765431790363,84.46709815302789,43.86135776673938,27.824620573355823,7.9000202360343454,2.704019488428746,51.72841704856719,741,Average
Route option 373,372,373,34.93214850679204,233.33,1408.5,0.2440877119525334,24.451917911031497,0.0128,0.735,42.06989583073118,57.70512804944688,30.599840391253462,72.84991568296796,94.9700698465049,0.7876573284612263,51.71133786151612,742,Average
Route option 841,840,841,20.23045112524452,50.38,594.87,0.917203400767196,14.160976388882348,0.0389,0.342,87.77197671804352,82.40519240810677,60.66917971456811,6.576728499156836,10.379101004131774,2.9070239545270002,51.70133575184298,743,Average
Route option 816,815,816,38.809718637951775,71.69,540.69,0.8211895050525335,27.166151950284775,0.0275,0.61,82.44860233319177,84.04998117812777,22.669057366829744,51.77065767284992,22.44524148458369,1.9813235891189611,51.664702906455645,744,Average
Route option 13,12,13,45.41543521387614,63.93,714.97,0.3938346633603732,31.7900427317704,0.0616,0.563,84.38709999750193,78.75921361003509,9.15840427418625,43.844856661045526,76.15125472857535,4.750304506699148,51.54047582045556,745,Average
Route option 694,693,694,23.74066281322169,36.97,465.54,0.9371354679010622,16.618065680944426,0.1053,0.346,91.12188054257949,86.33137423953563,53.48975385623634,7.251264755480605,7.874222722577989,8.298822574096631,51.51570577254086,746,Average
Route option 461,460,461,49.698571056085214,119.97,708.49,0.4701753156497736,34.78816596473243,0.0165,0.739,70.38794933926206,78.95593253269541,0.3981188687143098,73.52445193929174,66.55746595418057,1.0881039382866424,51.383348271760816,747,Average
Route option 294,293,294,26.312058793852973,149.47,717.35,0.8218660112657548,18.41799972802794,0.0199,0.552,63.01866053808299,78.68696190695924,48.23048506097084,41.98988195615516,22.360224425918716,1.3641900121802684,51.10095408868308,748,Average
Route option 956,955,956,35.03517593541098,51.05,647.95,0.7382840302477529,24.524035382611732,0.0192,0.494,87.60460643001674,80.79379728236452,30.389118688149985,32.209106239460375,32.86403657822225,1.307348761672757,51.070552758311685,749,Average
Route option 115,114,115,33.060335063923134,70.79,605.38,0.9239695041359312,23.141679903744414,0.0418,0.551,82.67342809322774,82.08613131595244,34.42825503636857,41.82124789207421,9.52879956448349,3.142509135200975,51.03323063255142,750,Average
Route option 886,885,886,47.098441504652286,64.33,778.01,0.6506046750605468,32.96811890014025,0.0612,0.68,84.28717743748595,76.8454542142779,5.716156353606731,63.57504215851604,43.88276890909577,4.717823792123427,50.99474193097341,751,Average
Route option 578,577,578,30.571161706125555,71.86,836.73,0.9090949176764328,21.39930031322599,0.0549,0.548,82.40613524518497,75.06284076696093,39.51935413789908,41.315345699831376,11.398100340928567,4.206252537555827,50.98682553784088,752,Average
Route option 817,816,817,25.445887562261156,100.74,785.65,0.7993262585412253,17.811694397347747,0.0098,0.467,75.19172641203068,76.61352017583272,50.00206258694534,27.655986509274882,25.192812571045803,0.5440519691433211,50.93924612172573,753,Average
Route option 831,830,831,24.56361718354744,198.06,715.25,0.7854986024501762,17.194119933771653,0.0151,0.575,50.88056756014089,78.75071340967322,51.806567652173364,45.868465430016855,26.930544798949718,0.9744214372716201,50.79336674476809,754,Average
Route option 802,801,802,45.487040895201346,111.19,610.53,0.5263060881575865,31.84016550739604,0.0178,0.644,72.581249531613,81.929788345011,9.011949380348797,57.50421585160203,59.50346839149102,1.1936662606577346,50.6660682429144,755,Average
Route option 892,891,892,34.98728481621597,61.29,496.8,0.9935142858557136,24.4905124026268,0.0321,0.562,85.04658889360745,85.3823875848502,30.4870702563448,43.6762225969646,0.7890530968780464,2.3548518067397484,50.639455279195445,756,Average
Route option 234,233,234,42.760929845167894,61.8,523.85,0.643860637202645,29.931933507328452,0.0318,0.555,84.91918762958707,84.56120751417711,14.587656461585485,42.49578414839799,44.73029735894391,2.3304912708079586,50.631704273263594,757,Average
Route option 586,585,586,31.61440927668072,97.67,459.46,0.9794795652192244,22.129556110436347,0.0405,0.55,75.95863206015338,86.51595001882187,37.38560288570557,41.65261382799327,2.5528072862408107,3.036946812829883,50.57896797208567,758,Average
Route option 88,87,88,33.182225131490405,223.98,926.78,0.6573021546889324,23.227000906136965,0.0133,0.728,44.405585671104895,72.32911561486807,34.17895363213601,71.66947723440134,43.04109146793426,0.828258221680877,50.57109616998634,759,Average
Route option 791,790,791,35.874417481556385,133.07,1318.61,0.382777260733619,25.111490385268798,0.0149,0.602,67.11548549873848,60.43399594419011,28.672620370279354,50.42158516020236,77.5408470625833,0.9581810799837597,50.564362173453546,760,Average
Route option 249,248,249,30.349946900683317,153.44,1352.58,0.7359759392773253,21.244453660655317,0.0065,0.686,62.02692912992431,59.4027394931452,39.97180414251776,64.5868465430017,33.15409615432368,0.27608607389362566,50.525467987970735,761,Average
Route option 717,716,717,32.6764783402586,81.96,760.31,0.8863336577948542,22.87298663700138,0.0121,0.564,79.8830906047813,77.38278830858157,35.213356088026174,44.013490725126466,14.258525461677637,0.7308160779537151,50.52160629976986,762,Average
Route option 480,479,480,39.91632246492087,176.4,1056.76,0.5938860756235917,27.94075606408042,0.0225,0.756,56.29137418500662,68.38320117545626,20.40572374581695,76.39123102866779,51.01063913628278,1.5753146569224525,50.49442186075478,763,Average
Route option 96,95,96,39.849866532658126,74.69,1088.29,0.7245035296914539,27.894238026403073,0.0528,0.655,81.69918313307187,67.42601789899332,20.54164587272481,59.35919055649242,34.595842733629155,4.035728786033293,50.493660498557304,764,Average
Route option 561,560,561,39.93126168004669,54.99,429.71,0.7108349819215307,27.951213264038813,0.0357,0.504,86.62036921385926,87.4190963072701,20.375168612135173,33.895446880269816,36.31357969584759,2.647178237921235,50.44449151479445,765,Average
Route option 482,481,482,43.977438469891254,128.12,1080.69,0.3565968236385323,30.783469135719983,0.031,0.656,68.35202717893632,67.65673762310112,12.099534874179014,59.52782462057337,80.83096282632384,2.265529841656517,50.328574377782125,766,Average
Route option 248,247,248,41.737302204899784,142.13,1096.16,0.4988322370514364,29.215411332162727,0.0279,0.698,64.85223951437636,67.18710155310804,16.681279126855298,66.61045531197301,62.95612849363914,2.0138043036946818,50.29658212215396,767,Average
Route option 405,404,405,34.17891134701546,65.18,694.99,0.9970374433961806,23.92466453596886,0.0604,0.578,84.07484199745198,79.36576362157109,32.14043418531969,46.37436762225969,0.3462951658346644,4.6528623629719865,50.26537582931854,768,Average
Route option 932,931,932,33.389698458118694,55.54,701.0,0.8711768773392545,23.37222875407358,0.0177,0.508,86.48297569383728,79.18331289237533,33.754609034569114,34.5699831365936,16.16328977571124,1.1855460820138044,50.16151288487533,769,Average
Route option 222,221,222,27.494225355600605,179.71,1294.29,0.5452674632940073,19.245496488480537,0.0166,0.588,55.46451500087433,61.17229906133501,45.8126031960862,48.06070826306914,57.12057772347219,1.0962241169305726,50.159524242271,770,Average
Route option 896,895,896,43.91827109233579,102.89,979.08,0.337118649859802,30.742052964060345,0.0289,0.587,74.65464265194474,70.7413996187053,12.220549741130295,47.89207419898819,83.27879997913841,2.095006090133983,50.145391031630766,771,Average
Route option 643,642,643,39.309369303901846,61.81,565.5,0.918049754762528,27.515899033995584,0.0159,0.598,84.91668956558667,83.29680271034961,21.647123298425498,49.747048903878586,10.272739043419156,1.0393828664230615,50.08313210823242,772,Average
Route option 189,188,189,39.63391981941164,100.34,900.37,0.7563285367757795,27.743078949988593,0.0395,0.656,75.29164897204666,73.13086665614262,20.983321063544143,59.52782462057337,30.596369496838,2.955745026390581,50.04332251664189,773,Average
Route option 689,688,689,25.150364637924884,48.33,417.09,0.9917892781698168,17.604833308191047,0.0405,0.354,88.28407983812546,87.80221248072276,50.60649477317977,8.600337268128161,1.0058361459665472,3.036946812829883,49.84138056592837,774,Average
Route option 55,54,55,42.64879320255243,80.38,543.92,0.7791913313885532,29.853439738772565,0.0492,0.609,80.27778471684445,83.95192529538195,14.817009213847534,51.602023608768974,27.72318442794678,3.7434023548518076,49.83008758819823,775,Average
Route option 463,462,463,31.546891949812565,114.29,1077.27,0.7986886667428958,22.082295114341832,0.0173,0.598,71.80684969148909,67.76056149894961,37.523695879943766,49.747048903878586,25.27293922511565,1.1530653674380837,49.828763179732874,776,Average
Route option 682,681,682,41.93853106136753,101.47,729.8,0.6131554735222573,29.356268155748122,0.039,0.602,75.0093677400015,78.30900656944056,16.26970632612783,50.42158516020236,48.589039009671964,2.9151441331709305,49.82007958308659,777,Average
Route option 108,107,108,45.40101948352255,76.81,977.77,0.5996531707007462,31.779951962370262,0.0129,0.66,81.16959356498714,70.78116841325546,9.187888725970662,60.202360876897146,50.28588384073818,0.7957775071051564,49.79597401194969,778,Average
Route option 680,679,680,26.277233232904077,94.91,1004.55,0.8996846356025328,18.393622419619255,0.0209,0.512,76.6480977242637,69.96818496435986,48.30171368050504,35.244519392917375,12.580697762053896,1.44539179861957,49.77792820257081,779,Average
Route option 535,534,535,37.155606409514974,111.78,1048.56,0.555481756877996,26.008301140807486,0.0177,0.58,72.43386375558943,68.6321356146252,26.052208344902372,46.71163575042158,55.83693955447991,1.1855460820138044,49.711550369901516,780,Average
Route option 813,812,813,33.66342347328434,92.54,718.26,0.9875535628666948,23.56383167250629,0.0321,0.595,77.24013889235842,78.65933625578316,33.19476004919782,49.24114671163575,1.5381417617552882,2.3548518067397484,49.59837115076744,781,Average
Route option 432,431,432,41.50866062733289,73.64,870.08,0.8505199906910514,29.055366063700998,0.0402,0.659,81.96147985311384,74.05040618814587,17.148919087116358,60.0337268128162,18.759256685820972,3.012586276898092,49.52290732502128,782,Average
Route option 507,506,507,42.84413638081568,59.66,552.33,0.7046808309160895,29.990176686356655,0.0659,0.543,85.45377332567261,83.69661570594164,14.417474373804867,40.47217537942666,37.086976609042814,5.099472188388145,49.49255274598309,783,Average
Route option 624,623,624,45.58721404886521,110.24,1302.21,0.4135194304790175,31.91028503439283,0.009,0.692,72.81856561165097,60.931864822527956,8.807065517592523,65.59865092748734,73.67745483106457,0.47909053999187984,49.46328266183743,784,Average
Route option 66,65,66,39.527631769817624,56.2,653.16,0.8183044619708146,27.668679098428044,0.0175,0.553,86.31810346981091,80.63563283991695,21.200711705339494,42.1585160202361,22.807807078418456,1.1693057247259442,49.46187438640581,785,Average
Route option 723,722,723,39.23843005497804,137.73,705.7,0.7996795528966099,27.466242749870435,0.0216,0.67,65.95138767455222,79.04063095772972,21.792215139991242,61.88870151770659,25.14841379635501,1.5022330491270812,49.41415084708737,786,Average
Route option 406,405,406,30.68318322318183,59.8,725.51,0.8764409563975197,21.477713495821863,0.0658,0.451,85.418800429667,78.43924178212771,39.29023685161175,24.957841483979767,15.501748892025038,5.091352009744214,49.390478441747554,787,Average
Route option 308,307,308,31.236259289772264,223.82,819.97,0.512068831024171,21.864857463682757,0.0178,0.582,44.4455546951113,75.57163847433546,38.159031965107594,47.048903878583474,61.29267549895633,1.1936662606577346,49.14192826381147,788,Average
Route option 488,487,488,43.31382860321271,62.17,932.41,0.5343259870363275,30.318953362182054,0.0317,0.55,84.82675926157228,72.1582008718777,13.45681422373915,41.65261382799327,58.49560150108288,2.322371092164028,49.057397052939926,789,Average
Route option 801,800,801,39.83716069813078,53.16,650.97,0.6567932570607828,27.885344155395014,0.0369,0.476,87.0775149259324,80.70211654989009,20.56763307949919,29.17369308600337,43.10504502617409,2.744620381648397,48.9803087039398,790,Average
Route option 469,468,469,24.301755836854507,139.51,1013.83,0.9448722324064118,17.01082138423747,0.0142,0.537,65.50673228248108,69.6864640380809,52.34215191057693,39.46037099494099,6.901937547699213,0.9013398294762486,48.751512186988556,791,Average
Route option 136,135,136,44.6226445978723,182.95,1483.83,0.2904423742676081,31.235102600922374,0.0109,0.743,54.655142264744825,55.418270573520665,10.779896638386278,74.19898819561553,89.1446436073716,0.6333739342265531,48.49558742382126,792,Average
Route option 913,912,913,36.73789491031182,152.92,1196.52,0.683304503085228,25.715910099156456,0.013,0.673,62.1568284579451,64.1403868805479,26.906552471489743,62.39460370994942,39.7733562486097,0.8038976857490865,48.48253243670934,793,Average
Route option 542,541,542,38.53968070698373,217.04,1492.62,0.4994447947250597,26.97712992893354,0.0046,0.781,46.13924208738228,55.151424997874955,23.221365169508047,80.60708263069141,62.87914789736917,0.12180267965895251,48.4788961592866,794,Average
Route option 345,344,345,47.14455986932733,121.78,1277.86,0.4411134366130874,33.00040098170205,0.0326,0.705,69.93579975518973,61.671078675425925,5.621830595127244,67.79089376053963,70.20969475369388,2.3954526999593995,48.425754197380236,795,Average
Route option 237,236,237,44.72282240884296,71.9,944.67,0.6379251248009803,31.305225387955787,0.0549,0.605,82.39614298918339,71.7860135274617,10.57500325005383,50.9274873524452,45.476217789823934,4.206252537555827,48.423613992191704,796,Average
Route option 452,451,452,48.35445190745397,220.37,1146.2,0.4028925021108513,33.8473051104799,0.0136,0.831,45.30738677524918,65.6679943170089,3.1472418932356505,89.03878583473862,75.01294913229633,0.8526187576126675,48.33356970981852,797,Average
Route option 863,862,863,47.57249935818949,91.55,972.92,0.578260499917042,33.29995144452319,0.0324,0.659,77.48744722839798,70.92840402666634,4.746567190740152,60.0337268128162,52.97431731181975,2.379212342671539,48.29294975957669,798,Average
Route option 530,529,530,49.893221928416935,77.22,737.77,0.5913839201636903,34.924418309779014,0.0128,0.637,81.06717294097075,78.06705443771175,0.0,56.32377740303542,51.325086946762454,0.7876573284612263,48.26349251744289,799,Average
Route option 395,394,395,44.61475472400661,131.82,1129.82,0.3560870560193681,31.229579821581883,0.0151,0.62,67.42774349878844,66.16525603817806,10.79603377468616,53.45699831365936,80.89502571700687,0.9744214372716201,48.247231657360985,800,Average
Route option 325,324,325,41.36572882684344,126.1,1061.19,0.7471013929306451,28.955316201272286,0.0079,0.692,68.85663610701705,68.24871586258818,17.441257087108376,65.59865092748734,31.755951795212816,0.3897685749086481,48.09619845946232,801,Average
Route option 907,906,907,48.68082998564431,83.93,1038.27,0.4089961059628659,34.07576428968895,0.0353,0.605,79.39097199670255,68.94451797792377,2.4797017496659564,50.9274873524452,74.24590451893846,2.614697523345514,48.02784623089192,802,Average
Route option 262,261,262,30.49424811974145,176.32,649.22,0.6854612508708664,21.34546209310788,0.0226,0.49,56.311358697009815,80.75524280215176,39.67666527467023,31.534569983136596,39.50231608750892,1.5834348355663825,47.668803965656394,803,Average
Route option 42,41,42,28.49991662584372,80.58,613.22,0.8706823232392129,19.949463505540603,0.0245,0.378,80.22782343683646,81.8481257058202,43.755665736783634,12.64755480607083,16.225440771688117,1.7377182298010563,47.59304721260027,804,Average
Route option 621,620,621,39.65769111702435,100.23,473.84,0.9474158331711016,27.75971845951523,0.0099,0.579,75.31912767605105,86.07940401452319,20.934701696982483,46.54300168634064,6.582281273735066,0.5521721477872514,47.507818834391465,805,Average
Route option 732,731,732,24.216681591499384,132.08,962.97,0.8819443340552953,16.951270839748002,0.015,0.453,67.36279383477803,71.23046471809693,52.51615401964421,25.29510961214166,14.810135168392332,0.9663012586276899,47.436040717685,806,Average
Route option 697,696,697,34.19957110548871,147.45,671.48,0.8522836990844491,23.939126020299014,0.0269,0.557,63.523269466163725,80.07947687338344,32.09817884080079,42.83305227655988,18.537610088910323,1.93260251725538,47.26209556817541,807,Average
Route option 510,509,510,44.76142005457533,137.03,714.0,0.5140702002888891,31.332243092430033,0.0217,0.581,66.12625215458021,78.78866073271728,10.496059596373104,46.880269814502526,61.041161876666564,1.5103532277710112,47.162685288508484,808,Average
Route option 622,621,622,44.701735095726,88.45,1014.82,0.6181845424454837,31.29046462254796,0.0335,0.599,78.26184706852189,69.65640975823001,10.618133070854432,49.915682967959526,47.9570320312877,2.4685343077547715,47.140451145172406,809,Average
Route option 3,2,3,45.4064744455308,85.49,550.14,0.6447296136594562,31.783770344260155,0.0462,0.529,79.0012740126402,83.76309941591481,9.176731707881883,38.111298482293435,44.62109241601304,3.499796995533902,47.106416400518164,810,Average
Route option 430,429,430,44.53177994312538,272.17,1122.33,0.3996997635284667,31.1714988670022,0.0073,0.808,32.367415253178784,66.39263639785796,10.965741855110059,85.16020236087692,75.41418305750753,0.3410475030450671,47.08395694706325,811,Average
Route option 228,227,228,30.31951673059018,57.26,748.06,0.9048032678517663,21.22315305210582,0.0172,0.393,86.05330868576854,77.75467207441318,40.03404288179049,15.177065767284997,11.937435291269763,1.1449451887941535,47.056510814507654,812,Average
Route option 614,613,614,37.3042987514515,251.36,868.32,0.5321308692832832,26.11238328560668,0.0079,0.669,37.565886438010544,74.10383601899187,25.7480883260752,61.720067453625646,58.771463645642456,0.3897685749086481,47.0116148569541,813,Average
Route option 378,377,378,39.66027283611887,129.91,1181.27,0.5453281713150268,27.76152561956885,0.0306,0.583,67.90487372286479,64.60334422168522,20.929421314352105,47.217537942664414,57.11294849955144,2.233049127080796,47.00045381234009,814,Average
Route option 948,947,948,25.935637223961734,52.35,656.03,0.9928452069912695,18.15451094418939,0.0562,0.329,87.27985810996476,80.54850578620783,49.00037901402425,4.384485666104557,0.8731367548818298,4.311814859926919,46.995569084446025,815,Average
Route option 854,853,854,45.99371524709642,180.15,1541.13,0.2700604587329398,32.19482905343457,0.0055,0.718,55.354600184856736,53.67876528518172,7.975649787304824,69.98313659359191,91.70605468512727,0.194884287454324,46.97756254243772,816,Average
Route option 371,370,371,32.962290781005045,110.71,1042.38,0.6217187053002118,23.073050550554388,0.0269,0.452,72.70115660363219,68.81974717975494,34.62878472591825,25.12647554806071,47.512891053895494,1.93260251725538,46.834591279021446,817,Average
Route option 927,926,927,40.52798246504222,70.01,549.16,0.8030244808691323,28.368907802571997,0.0563,0.479,82.86827708525892,83.79285011718135,19.154697308744982,29.679595278246207,24.728054112863017,4.31993503857085,46.74562098653839,818,Average
Route option 984,983,984,41.039278958763674,77.55,851.0,0.6267827807250341,28.72680677034503,0.0127,0.489,80.98473682895757,74.62963412709014,18.10894406233222,31.365935919055648,46.8764847814003,0.779537149817296,46.64992272623462,819,Average
Route option 591,590,591,41.30420492482564,132.83,770.63,0.7121550948296256,28.912250502023554,0.0299,0.59,67.17543903474807,77.06949520952993,17.56709174675723,48.397976391231026,36.14768008641534,2.176207876573285,46.64393346626131,820,Average
Route option 556,555,556,47.80064515729337,132.03,1319.26,0.4366581748654905,33.45964967637829,0.0075,0.685,67.37528415478006,60.414263336207206,4.279941244742004,64.41821247892075,70.76959094084002,0.3572878603329273,46.60636079226776,821,Average
Route option 118,117,118,31.1496032284203,120.81,570.29,0.8461914345605717,21.80419967453304,0.0246,0.43,70.1781119632285,83.15138856844483,38.33626935787863,21.416526138279934,19.303229680137402,1.745838408444986,46.5508875618963,822,Average
Route option 501,500,501,41.54842718320885,89.54,620.56,0.7405152510919109,29.083201985665387,0.0221,0.511,77.98955809247833,81.62529902490559,17.067584664884627,35.075885328836435,32.583637330299524,1.542833942346732,46.54055008561252,823,Average
Route option 712,711,712,26.380065857916367,197.96,1615.49,0.8303447507502135,18.46560353194298,0.0201,0.654,50.90554820014489,51.42135493193768,48.09139040865735,59.190556492411474,21.29469468196718,1.3804303694681286,46.52483051373327,824,Average
Route option 611,610,611,42.12758612544411,263.96,2329.84,0.225156764047158,29.488603528894913,0.0075,0.893,34.41832579750694,29.73521875872788,15.883032547925533,99.49409780775719,97.34913670088203,0.3572878603329273,46.45306467288463,825,Average
Route option 926,925,926,45.195069640708354,76.07,770.62,0.6923927677333754,31.63579052754459,0.026,0.549,81.35445030101671,77.0697987881143,9.609117346479215,41.48397976391232,38.631227006255415,1.8595209094600083,46.34002385332702,826,Average
Route option 105,104,105,39.869806171474465,86.44,745.49,0.7896508141153402,27.908195439054573,0.0114,0.517,78.76395793260224,77.83269177059175,20.50086338686672,36.0876897133221,26.408733149880376,0.673974827446204,46.33665578638025,827,Average
Route option 101,100,101,45.83941335194512,102.49,727.16,0.606821945418858,32.08682031549443,0.0097,0.56,74.75456521196074,78.3891513157096,8.291243009170373,43.33895446880271,49.38497838140225,0.535931790499391,46.3346393792524,828,Average
Route option 171,170,171,34.630032637618775,76.74,952.42,0.8867762020786103,24.2404418710963,0.0129,0.495,81.18708001298994,71.55074012458866,31.217757108579658,32.377740303541316,14.202910579510045,0.7957775071051564,46.28763129867516,829,Average
Route option 352,351,352,45.7510604312356,114.24,1308.52,0.5965526161829711,32.02497475326201,0.0347,0.672,71.8193400114911,60.74030673580163,8.471950983499573,62.225969645868474,50.67553292330385,2.565976451481933,46.27096313941162,830,Average
Route option 541,540,541,33.26848526783269,50.43,778.52,0.8483492684925003,23.28738155442219,0.0389,0.386,87.75948639804152,76.82997170647594,34.00252602364728,13.996627318718385,19.032053022192876,2.9070239545270002,46.26640509050463,831,Average
Route option 472,471,472,48.23741351111018,95.93,883.52,0.4192332717634207,33.76538019654909,0.0413,0.539,76.39329519622294,73.64239657077631,3.386620188284449,39.797639123102876,72.95939198081314,3.101908241981324,46.26435583527192,832,Average
Route option 206,205,206,45.98575105775838,97.31,1232.31,0.4606236349964946,32.189254254510196,0.0407,0.584,76.04856236416776,63.05387912715086,7.991938920826318,47.38617200674536,67.75783304405878,3.053187170117743,46.224150092731136,833,Average
Route option 263,262,263,44.73364120778746,165.71,1189.05,0.2959374871417041,31.312798365713952,0.018,0.597,58.96180460143389,64.36716008305909,10.55287559172363,49.57841483979764,88.4540685254915,1.2099066179455948,46.125596986235465,834,Average
Route option 983,982,983,35.5386794921257,67.33,739.87,0.8495117148546534,24.87647942521927,0.0146,0.429,83.53775823736605,78.00330293499775,29.359304313358592,21.24789207419899,18.885967489444436,0.9338205440519692,45.83290450379925,835,Average
Route option 341,340,341,37.80772434261249,83.14,457.17,0.8500901112705375,26.46477275363461,0.0357,0.431,79.58831905273414,86.58546951463856,24.718433414006352,21.58516020236088,18.813279964836667,2.647178237921235,45.74508501582803,836,Average
Route option 153,152,153,35.88868699620826,90.58,458.98,0.8082493208835391,25.121478806130742,0.0218,0.399,77.72975943643677,86.53052179087078,28.643434973048652,16.18887015177066,24.071444430145068,1.5184734064149414,45.73375713241306,837,Average
Route option 585,584,585,29.70737463422244,93.1,739.47,0.9151781347395432,20.794663854329723,0.0319,0.396,77.10024730833604,78.01544607837184,41.28605534892708,15.68296795952783,10.633617751088568,2.3386114494518884,45.66153845406037,838,Average
Route option 48,47,48,35.68391976425867,109.47,869.51,0.9969309545362106,24.978145179070072,0.0362,0.564,73.01091653968174,74.06771016745394,29.06224480296095,44.013490725126466,0.3596777031688408,2.687779131140886,45.65434141406661,839,Average
Route option 577,576,577,48.97007464356564,70.38,729.2,0.6218557436798877,34.278230697683334,0.014,0.545,82.77584871724414,78.32722128450172,1.8881104836527722,40.80944350758855,47.49566933480915,0.8850994721883884,45.64835222987041,840,Average
Route option 126,125,126,33.72807994137773,122.11,868.6,0.9851580763433034,23.609090115454034,0.0244,0.548,69.85336364317654,74.09533581863002,33.06251836117427,41.315345699831376,1.8391844045428347,1.729598051157126,45.5888369656333,841,Average
Route option 553,552,553,40.60352529045189,102.85,708.69,0.9047051390197892,28.42178651300475,0.0193,0.565,74.66463490794634,78.94986096100837,19.000189785447954,44.182124789207414,11.949767217424883,1.3154689403166875,45.57012174675273,842,Average
Route option 957,956,957,36.720072021135,96.2,641.12,0.8744295575421626,25.703434375740695,0.0309,0.471,76.32584746821213,81.00114145547717,26.94300557540496,28.330522765598648,15.754522940721966,2.2574096630125866,45.55557650893166,843,Average
Route option 873,872,873,44.73535314683725,69.26,768.17,0.7028352247030889,31.31399669432824,0.0142,0.513,83.0556318852889,77.14417554128062,10.549374167714344,35.41315345699832,37.31891536823909,0.9013398294762486,45.53689424693988,844,Average
Route option 431,430,431,30.544200947493614,157.95,1390.18,0.9021703685575516,21.3804282344943,0.0189,0.614,60.90030226574405,58.26128401598037,39.57449689989983,52.4451939291737,12.26831378045522,1.2829882257409666,45.50596105648716,845,Average
Route option 252,251,252,45.57171415239303,63.5,784.55,0.7711207467172785,31.89943536689833,0.0155,0.543,84.49451674951912,76.64691382011146,8.838767411217622,40.47217537942666,28.73742104107601,1.0069021518473407,45.45650025431582,846,Average
Route option 493,492,493,38.32811137750716,64.95,706.59,0.9534532000401248,26.829034947720256,0.0455,0.483,84.13229746946116,79.01361246372235,23.654087309906735,30.354131534569984,5.823560713222118,3.442955745026391,45.36803397960092,847,Average
Route option 967,966,967,36.625781319154115,173.44,1205.87,0.4691689300617698,25.637432466234273,0.0057,0.531,57.03080112912493,63.85654090417846,27.135858076671614,38.44856661045532,66.68393920882741,0.21112464474218437,45.3300964010395,848,Average
Route option 950,949,950,46.713318265913934,93.17,813.76,0.5237160227520794,32.6985390940934,0.0319,0.511,77.08276086033324,75.76016077521827,6.503847804898079,35.075885328836435,59.82896391277768,2.3386114494518884,45.309550307852476,849,Average
Route option 462,461,462,44.135423345297426,102.28,950.04,0.6394147946787541,30.894055898050535,0.0194,0.552,74.80702455596914,71.6229918276645,11.776408863402727,41.98988195615516,45.289009824967124,1.3235891189606175,45.223162322253195,850,Average
Route option 20,19,20,33.525694622603865,118.59,499.97,0.8444866310514518,23.467423787655893,0.0167,0.411,70.73268217131722,85.28615317361051,33.47645647092661,18.212478920741987,19.517473654715197,1.1043442955745026,45.22234155111583,851,Average
Route option 785,784,785,42.83546116352869,117.68,826.39,0.528919145872111,29.984104179796674,0.0084,0.489,70.9600059953536,75.37674102318125,14.43521777074305,31.365935919055648,59.17508340896014,0.4303694681282988,45.088367844506294,852,Average
Route option 928,927,928,49.25806173536131,115.3,1156.94,0.557770992635028,34.479816830487486,0.0344,0.645,71.55454522744873,65.34195091741448,1.2990913140154212,57.672849915682974,55.54924952761846,2.5416159155501425,44.92064778915245,853,Average
Route option 79,78,79,49.26449315090288,83.88,633.27,0.8111705570604943,34.48431871346911,0.0118,0.6,79.40346231670455,81.23945064419375,1.2859371583264712,50.084317032040474,23.704330422059485,0.7064555420219245,44.87268610747642,854,Average
Route option 380,379,380,40.12063668539927,111.61,908.93,0.8743599945112857,28.083772590711266,0.0355,0.571,72.47633084359622,72.87100338793701,19.987840458962296,45.19392917369308,15.76326498057525,2.630937880633374,44.81308618787504,855,Average
Route option 826,825,826,42.55406239047272,63.03,532.13,0.7973367718293096,29.787129759580534,0.0625,0.434,84.61192575753792,84.30984444633337,15.010761871032074,22.09106239460371,25.442832903741262,4.82338611449452,44.74070958355187,856,Average
Route option 806,805,806,48.88808749158368,162.58,1521.7,0.4319045436270877,34.220841066764066,0.0245,0.717,59.74369863355899,54.268618474578325,2.055798569532679,69.81450252951096,71.36698345249576,1.7377182298010563,44.50289782665246,857,Average
Route option 179,178,179,35.01337810198172,196.55,895.02,0.910086663595164,24.50877726490543,0.0152,0.619,51.25777522420124,73.29328119877111,30.433701734099515,53.288364249578414,11.27346686483373,0.9825416159155503,44.352783335314186,858,Average
Route option 265,264,265,30.747389357218943,174.83,1194.86,0.8941132917761787,21.5226567124853,0.0227,0.567,56.68357023306937,64.1907809255504,39.158916230536846,44.5193929173693,13.28085284662069,1.5915550142103132,44.2761409082046,859,Average
Route option 459,458,459,24.95599375783012,169.73,1098.97,0.8157137311069236,17.46877695301301,0.0059,0.427,57.95758287327322,67.10179597090502,51.004040974578004,20.9106239460371,23.13338622837454,0.2273650020300447,44.269717674626534,860,Average
Route option 799,798,799,49.07771400135243,68.6,766.54,0.6098402887323733,34.35357644230844,0.0144,0.505,83.22050410931527,77.19365885053004,1.6679560151015893,34.06408094435076,49.00566084441426,0.9175801867641088,44.25908287839425,861,Average
Route option 28,27,28,49.08355743436509,80.56,1011.77,0.5680512933980495,34.35766674738419,0.0368,0.548,80.23281956483726,69.74900122645748,1.6560044583860196,41.315345699831376,54.25731618542235,2.7365002030044665,44.23599104151419,862,Average
Route option 844,843,844,47.595501130624875,99.44,934.19,0.5323512130077287,33.31605229933574,0.0199,0.528,75.51647473208264,72.10416388386297,4.699521731807949,37.94266441821249,58.74377287949496,1.3641900121802684,44.23012782834212,863,Average
Route option 203,202,203,21.704872987285285,117.84,801.76,0.9864159984610869,15.193046956481163,0.0084,0.309,70.9200369713472,76.12445507644108,57.65354892549589,1.011804384485667,1.6811003597942533,0.4303694681282988,44.214275027214605,864,Average
Route option 75,74,75,44.09951089262493,102.94,1078.5,0.801868142382308,30.86891778366971,0.0192,0.604,74.64215233194274,67.72322133307428,11.849860499449678,50.75885328836425,24.87337206419831,1.307348761672757,44.14001516004215,865,Average
Route option 121,120,121,40.376573236635224,60.84,527.78,0.9695105909805664,28.262923882823667,0.0162,0.448,85.15900177362543,84.44190113052666,19.46437416764738,24.451939291736934,3.8056159835061276,1.0637434023548518,44.11041074955801,866,Average
Route option 893,892,893,38.785017976742445,55.51,742.95,0.8318094189877077,27.148861901832092,0.0531,0.393,86.49046988583848,77.90980073101723,22.719577558079617,15.177065767284997,21.110628692567257,4.0600893219650835,43.909429001703025,867,Average
Route option 512,511,512,44.28977338631697,110.72,476.72,0.8657912853667533,31.002098337290725,0.0358,0.522,72.69865853963178,85.99197338222972,11.46071716893147,36.93086003372682,16.840101281242834,2.6552984165651647,43.80625273230307,868,Average
Route option 326,325,326,47.797965062764455,142.39,1482.37,0.6014721940445107,33.45777365517101,0.0209,0.706,64.78728985036597,55.462593046836105,4.285422834365077,67.95952782462057,50.05728577126383,1.44539179861957,43.79123602001316,869,Average
Route option 673,672,673,35.94713728084827,144.19,1105.57,0.766028350196355,25.162393024779963,0.0207,0.521,64.33763833029403,66.90143410523248,28.523886774172603,36.762225969645876,29.37738644760669,1.4291514413317097,43.74042759140489,870,Average
Route option 160,159,160,37.69249051120202,112.69,928.47,0.8253083563545685,26.38411100488261,0.0176,0.491,72.20653993155305,72.27781083411251,24.954120837592967,31.703204047217536,21.92762225813191,1.1774259033698744,43.72767469295655,871,Average
Route option 301,300,301,40.32669829941083,121.11,1140.43,0.743030577808196,28.22801226349995,0.0246,0.549,70.1031700432165,65.84315916018019,19.566383233145604,41.48397976391232,32.267534277850466,1.745838408444986,43.69170294995551,872,Average
Route option 803,802,803,47.24137804819082,95.74,1152.09,0.729158253290481,33.06817208262375,0.0413,0.608,76.44075841223052,65.48918653082536,5.423808652670076,51.433389544688026,34.01088002145625,3.101908241981324,43.584802474961,873,Average
Route option 486,485,486,49.06838152997157,83.95,578.8,0.8999177876783411,34.347043868909246,0.0353,0.577,79.38597586870176,82.89304319316098,1.6870436919455365,46.20573355817875,12.551397360491476,2.614697523345514,43.50458605921111,874,Average
Route option 960,959,960,40.54647428946845,211.42,1173.7,0.521233390404226,28.381851769439862,0.0141,0.604,47.54315405560691,64.83315321003995,19.116876033490243,50.75885328836425,60.14095823867751,0.8932196508323184,43.46500792558416,875,Average
Route option 91,90,91,39.00498069534105,201.02,964.97,0.7008784815896374,27.302832114618017,0.0099,0.594,50.14114061602258,71.16974900122645,22.269688443077044,49.0725126475548,37.56482078760911,0.5521721477872514,43.4281932498803,876,Average
Route option 372,371,372,42.43461378650544,79.03,996.15,0.7873822409488667,29.70351774074844,0.05,0.498,80.6150233568984,70.22319097521584,15.255069756793397,32.88364249578415,26.693826493016893,3.808363784003249,43.41793964327989,877,Average
Route option 1000,999,1000,43.69928767535186,150.05,975.41,0.8190405988552272,30.58876824597531,0.0265,0.631,62.873772826059806,70.85281295916262,12.668435893360124,55.31197301854975,22.715296187218286,1.9001218026796594,43.34135644295028,878,Average
Route option 570,569,570,46.53217462796084,74.11,985.1,0.7448400893843563,32.57174158650598,0.0399,0.533,81.84407084509505,70.55864531092519,6.874340366029689,38.78583473861721,32.04013155956226,2.9882257409663016,43.309719713439456,879,Average
Route option 847,846,847,39.589905207080186,124.62,960.13,0.825349678213118,27.712269459773434,0.0318,0.528,69.22634957907621,71.31668103605298,21.073344023412687,37.94266441821249,21.922429308231674,2.3304912708079586,43.27424250688508,880,Average
Route option 375,374,375,33.975364497327185,244.43,1045.16,0.7623933809174557,23.782185156017206,0.0122,0.613,39.29704479028753,68.735352333305,32.55674797090682,52.27655986509275,29.834195846234472,0.7389362565976453,43.2213447879171,881,Average
Route option 990,989,990,43.269383086309766,84.01,1139.52,0.7953013485714961,30.287842245995975,0.0471,0.541,79.37098748469936,65.87078481135626,13.54771851148705,40.13490725126477,25.698626117662542,3.5728786033292743,43.210772079268565,882,Average
Route option 193,192,193,33.86588328338587,221.97,1820.63,0.6282966981107154,23.70555014298408,0.0045,0.668,44.90769653518523,45.193743852533665,32.7806695825475,61.5514333895447,46.686229613484656,0.11368250101502232,43.20004923748882,883,Average
Route option 381,380,381,41.29869630974565,165.46,1203.72,0.6163648737115064,28.908394563883558,0.006,0.581,59.02425620144388,63.9218102998142,17.578358501319162,46.880269814502526,48.185711207448904,0.23548518067397486,43.1902022682605,884,Average
Route option 35,34,35,30.81783636212686,125.97,1146.7,0.995675349777552,21.571968434057524,0.0315,0.488,68.88911093902226,65.65281538779129,39.014831174239454,31.197301854974707,0.5174705236051954,2.306130734876168,43.06860701902184,885,Average
Route option 973,972,973,39.52407696079184,117.77,927.82,0.8212459774281762,27.666190791747706,0.0337,0.498,70.93752341935001,72.29754344209542,21.207982346004442,32.88364249578415,22.43814455749103,2.4847746650426314,42.89379064694827,886,Average
Route option 129,128,129,44.21446015692756,127.06,1320.83,0.5883981122261308,30.9493803402203,0.0312,0.563,68.61682196297869,60.36660149846389,11.614755100149354,43.844856661045526,51.70031573790857,2.2817701989443773,42.75346488327304,887,Average
Route option 700,699,700,38.87315261192964,110.21,1109.85,0.6520260199807599,27.210554667860983,0.018,0.444,72.82605980365217,66.77150247112968,22.539316042500705,23.77740303541316,43.70414739446172,1.2099066179455948,42.740732143007634,888,Average
Route option 939,938,939,47.658867499182136,91.78,676.96,0.6478843040275818,33.36040769425171,0.0108,0.469,77.4299917563888,79.91311580915836,4.569918680651019,27.99325463743676,44.22464003929401,0.625253755582623,42.66347880246807,889,Average
Route option 23,22,23,46.904300639621496,111.34,936.14,0.8995336029333427,32.83222355164811,0.0089,0.627,72.54377857160699,72.04496605991427,6.113232105856921,54.637436762225974,12.599678154319205,0.47097036134794973,42.657060638713006,890,Average
Route option 483,482,483,47.25806259744449,70.19,507.7,0.8613939428606852,33.07985098719081,0.0421,0.475,82.82331193325173,85.05148692790615,5.389683792122012,29.005059021922424,17.392718712542187,3.166869671132765,42.62100787945742,891,Average
Route option 783,782,783,49.07843392904167,84.68,618.34,0.8708393656198345,34.354080379612945,0.0467,0.544,79.20361719667258,81.69269347063181,1.6664835490717018,40.6408094435076,16.205705134342487,3.5403978887535534,42.521635317302255,892,Average
Route option 636,635,636,33.65288526533212,251.02,1294.97,0.7906810216969558,23.556455103735345,0.0159,0.651,37.650820614024134,61.15165571759905,33.21631381557943,58.68465430016864,26.279266166885108,1.0393828664230615,42.481400340262894,893,Average
Route option 201,200,201,48.86321609702231,232.24,756.57,0.4032248142391887,34.20343150782928,0.0171,0.611,42.34218480677475,77.49632669912933,2.106667961215903,51.93929173693086,74.97118721029501,1.1368250101502235,42.43618761040798,894,Average
Route option 236,235,236,30.06785693526183,84.11,781.45,0.969491899478399,21.04699541737919,0.0235,0.321,79.34600684469537,76.7410231812607,40.5487619365618,3.0354131534570015,3.8079649590295515,1.6565164433617545,42.42530143809412,895,Average
Route option 186,185,186,46.97693610397565,150.71,1027.58,0.8236422950362094,32.883067158117726,0.0066,0.666,62.708900602033424,69.26904348459642,5.964670999755467,61.21416526138282,22.136997471654222,0.2842062525375559,42.357499679333706,896,Average
Route option 952,951,952,35.1632597135722,100.07,777.63,0.8568626895985929,24.61369187851046,0.0297,0.375,75.35909670005746,76.8569902004833,30.12714930547341,12.141652613827995,17.96216481204632,2.159967519285425,42.307550086411005,897,Average
Route option 977,976,977,42.11086905818252,142.34,1298.88,0.5025654270984623,29.476901862267848,0.014,0.506,64.79978017036797,61.03295649111728,15.917223917461568,34.23271500843171,62.486975615169285,0.8850994721883884,42.28534884847513,898,Average
Route option 603,602,603,37.6836164721838,105.56,914.85,0.7770298151790613,26.37789932644632,0.0375,0.414,73.98765956383802,72.69128486600042,24.97227088404557,18.718381112984822,27.994823840558592,2.793341453511978,42.261682286307504,899,Average
Route option 539,538,539,37.91796819059149,79.73,497.28,0.998066074356778,26.541941597699687,0.0248,0.388,80.44015887687043,85.36781581280131,24.492951989164265,14.333895446880273,0.21702631802126943,1.7620787657328465,42.26141859469024,900,Average
Route option 836,835,836,46.05702020814644,132.74,829.46,0.8604246586773996,32.239141464125694,0.0299,0.596,67.19792161075166,75.28354239778508,7.846172332745612,49.4097807757167,17.514529404983634,2.176207876573285,42.20005537436411,901,Average
Route option 974,973,974,36.98775267170398,195.07,1083.59,0.857319467104058,25.890806340359806,0.0153,0.596,51.62748869626041,67.56869983363893,26.395519111539457,49.4097807757167,17.904761229906168,0.9906617945594803,42.16008285172666,902,Average
Route option 241,240,241,39.93433565630932,67.84,956.8,0.9166342983157648,27.953364995851697,0.0581,0.444,83.41035697334566,71.41777270464232,20.368881417336222,23.77740303541316,10.450620549043743,4.466098254161592,42.08169386462674,903,Average
Route option 902,901,902,38.511790775277184,88.06,806.19,0.9039436509106988,26.957607444638015,0.0449,0.421,78.35927156453748,75.989969763573,23.278408366522893,19.898819561551434,12.04546401662345,3.3942346731628104,42.043472404883595,904,Average
Route option 205,204,205,37.25530191757959,154.15,1483.59,0.8285353199022554,26.078086323898084,0.0258,0.592,61.84956658589593,55.42555645954512,25.848301409314946,48.735244519392914,21.522087255079825,1.8432805521721483,41.908521618412124,905,Average
Route option 746,745,746,39.28477093161795,96.66,890.1,0.8405311532202491,27.498680586074638,0.041,0.431,76.21093652419376,73.44264186227247,21.69743427843072,21.58516020236088,20.014561610821506,3.0775477060495335,41.82743983375774,906,Average
Route option 758,757,758,44.61691573240472,292.57,1088.63,0.5849505211800821,31.231092491206123,0.0102,0.741,27.27136469236342,67.41569622712534,10.791613870431776,73.86172006745363,52.13357716919553,0.576532683719042,41.64984401610193,907,Average
Route option 731,730,731,37.624775923238005,263.21,1244.17,0.5196788092966944,26.33671192933037,0.0114,0.594,34.60568059753692,62.69383492610897,25.09261728938254,49.0725126475548,60.336323647945754,0.673974827446204,41.61489106275266,908,Average
Route option 890,889,890,41.955470467615285,157.87,999.02,0.9235049077324188,29.368125455935406,0.0189,0.603,60.92028677774724,70.13606392150672,16.235060207303576,50.5902192242833,9.587185753584212,1.2829882257409666,41.410947023178814,909,Average
Route option 221,220,221,35.48061289557899,159.74,944.03,0.7278958934632314,24.835833781798367,0.0062,0.416,60.453148809672506,71.80544255686027,29.478067756082183,19.05564924114671,34.169521756583215,0.25172553796183517,41.06190351311285,910,Average
Route option 839,838,839,38.28938825127421,127.56,1199.52,0.766227182689986,26.801929409000742,0.0156,0.469,68.4919187629587,64.0493133052422,23.733287608494003,27.99325463743676,29.35239901446096,1.0150223304912709,41.02621026122169,911,Average
Route option 443,442,443,38.33318881763863,196.15,1230.28,0.8936639977267389,26.832589070629947,0.0101,0.62,51.35769778421724,63.11550557977439,23.64370243622552,53.45699831365936,13.337315977058422,0.5684125050751117,40.859118167546185,912,Average
Route option 937,936,937,39.2509541538523,78.45,527.55,0.930639769280027,27.475009408970244,0.0378,0.343,80.75991106892158,84.44888343796674,21.766599636624846,6.745362563237781,8.690542188595852,2.8177019894437683,40.842420641513215,913,Average
Route option 140,139,140,43.050675604701034,136.45,1060.8,0.9092923911914844,30.134750678044313,0.0218,0.574,66.27113986660339,68.26055542737792,13.995040293888497,45.699831365935914,11.373283691671228,1.5184734064149414,40.75831744494344,914,Average
Route option 722,721,722,39.37672225163267,205.41,1627.8,0.7044473874765906,27.56304496745169,0.0048,0.641,49.04449051984712,51.04764969459994,21.509366508363584,56.9983136593592,37.11631362650541,0.1380430369468128,40.51396591635004,915,Average
Route option 837,836,837,49.66949575572524,192.51,876.86,0.420188884744898,34.76781374226599,0.0052,0.535,52.266993080362724,73.84457990795497,0.4575864968229408,39.1231028667791,72.83929935886894,0.17052375152253352,40.453787918688114,916,Average
Route option 312,311,312,43.83690370957361,64.96,765.52,0.8845149313159573,30.685097161197277,0.0303,0.403,84.12979940546077,77.224623866134,12.386970214809537,16.86340640809444,14.487086223914645,2.2086885911490057,40.29945154158914,917,Average
Route option 798,797,798,31.494819966245057,157.54,1222.4,0.869241912935691,22.04584559943697,0.0063,0.432,61.00272288976044,63.35472550424402,37.63019855800152,21.753794266441822,16.406458247777586,0.2598457166057654,40.28343628219768,918,Average
Route option 169,168,169,34.132700541696266,112.42,783.46,0.9743758374159646,23.892317747506997,0.0176,0.363,72.27398765956383,76.68000388580587,32.23494901238247,10.118043844856661,3.1941967037802685,1.1774259033698744,40.25143529668741,919,Average
Route option 354,353,354,43.811231079850906,294.31,1938.48,0.256944189054469,30.667126751091587,0.0102,0.718,26.836701556293875,41.61607023594127,12.439478370461194,69.98313659359191,93.35438643275525,0.576532683719042,40.16131654724219,920,Average
Route option 792,791,792,49.07604285779927,119.65,1078.74,0.8931419223190049,34.35240666985738,0.0332,0.617,70.46788738727487,67.71593544704983,1.6713740001990842,52.951096121416526,13.402925597043309,2.444173771822981,40.107328539493494,921,Average
Route option 787,786,787,48.070721800146785,105.68,1203.71,0.7839945797159709,33.64869879539984,0.0094,0.564,73.95768279583322,63.922113878398555,3.727554264755996,44.013490725126466,27.119556498367142,0.5115712545676006,40.048080258625745,922,Average
Route option 675,674,675,44.620535129172545,121.94,1032.09,0.8451967568841963,31.23362600822232,0.0244,0.525,69.89583073118334,69.13212954305351,10.784211128644017,37.43676222596966,19.428231592481243,1.729598051157126,40.01830034400828,923,Average
Route option 233,232,233,45.24185476440737,92.11,738.46,0.9598633643890926,31.668539329237202,0.043,0.476,77.3475556443756,78.04610751539143,9.513427867687826,29.17369308600337,5.017990405281593,3.2399512789281366,39.95562482055061,924,Low
Route option 261,260,261,38.92010313077766,119.61,919.31,0.978101283546042,27.243419243383126,0.0249,0.461,70.47787964327647,72.55588881737927,22.443288281487284,26.64418212478921,2.7260170093383387,1.7701989443767767,39.90752383561349,925,Low
Route option 476,475,476,43.62848882273656,222.56,962.84,0.50732860636277,30.539210236910737,0.0045,0.508,44.760310759161655,71.2344112396935,12.813240582760335,34.5699831365936,61.88838319571873,0.11368250101502232,39.51077361740245,926,Low
Route option 718,717,718,48.7355277470015,300.84,1484.0,0.4388383407857312,34.11405180499489,0.0066,0.769,25.20546576403288,55.41310973758667,2.367828575855476,78.58347386172008,70.49560780466464,0.2842062525375559,39.496138109725145,927,Low
Route option 969,968,969,47.40744268831744,242.04,1856.64,0.5635378553276329,33.184414544707394,0.0082,0.771,39.89408208638306,44.10055737028087,5.084157122375425,78.92074198988196,54.824523436019824,0.41412911084043863,39.35727436904704,928,Low
Route option 84,83,84,45.551790087216446,126.17,1437.06,0.7890031583683699,31.88548885553339,0.0236,0.576,68.83914965901427,56.83810761253658,8.879518044355155,46.0370994940978,26.49012454815402,1.6646366220056843,39.294995150134206,929,Low
Route option 721,720,721,45.02946962906713,140.29,1126.06,0.7996131321254245,31.51987329760582,0.0283,0.526,65.31188329044991,66.27940158589453,9.947818573470506,37.6053962900506,25.156760946004308,2.046285018270402,38.94428122216058,930,Low
Route option 327,326,327,41.2387158449611,88.72,984.96,0.8223556219762569,28.866409244804423,0.0223,0.375,78.1943993405111,70.56289541110613,17.701036373238942,12.141652613827995,22.298694669525858,1.5590742996345923,38.912871748333096,931,Low
Route option 711,710,711,38.88395182201491,226.49,1193.32,0.6222672300490193,27.21811393374632,0.0176,0.505,43.77857160700457,64.23753202754065,22.51722844920789,34.06408094435076,47.443957524776074,1.1774259033698744,38.84861107572727,932,Low
Route option 275,274,275,47.576021576723974,244.24,945.6,0.660927463860773,33.30241693840637,0.0163,0.633,39.34450800629512,71.75778071911695,4.739363207313243,55.64924114671164,42.58549606242652,1.071863580998782,38.84728956154565,933,Low
Route option 861,860,861,43.47174737079401,213.39,1039.85,0.8151841561829036,30.429493850144265,0.0093,0.595,47.05103544752817,68.8965525615961,13.133823423106715,49.24114671163575,23.199938318367213,0.5034510759236703,38.666369185561585,934,Low
Route option 76,75,76,43.65834282725434,100.03,1033.78,0.9292729822449012,30.5601075392236,0.0297,0.468,75.36908895605906,69.08082476229798,12.752180273279908,27.824620573355823,8.862307371644977,2.159967519285425,38.63718103979132,935,Low
Route option 473,472,473,45.56327593592486,132.92,1453.61,0.8767722048788267,31.893528756935442,0.0075,0.598,67.15295645874448,56.33568505543345,8.856026071063498,49.747048903878586,15.46012063936811,0.3572878603329273,38.425021058330636,936,Low
Route option 719,718,719,42.505980522211075,101.94,971.36,0.9389945050133188,29.75347325844908,0.0097,0.42,74.89195873198271,70.97576228582531,15.109103577743651,19.73018549747049,7.640596091891896,0.535931790499391,37.68771339620577,937,Low
Route option 770,769,770,34.30139630402028,176.26,812.93,0.8837924948735829,24.010401950987454,0.0056,0.352,56.326347081012216,75.78535779771953,31.889916055433392,8.263069139966271,14.577875369975256,0.2030044660982542,37.515371577900396,938,Low
Route option 639,638,639,47.58786267883556,154.35,1173.79,0.6659164067268024,33.310705511230694,0.0064,0.503,61.79960530588794,64.83042100278078,4.715144635258949,33.726812816188875,41.95853175666232,0.26796589524969555,37.459405454214966,939,Low
Route option 882,881,882,42.89647987937682,242.91,1892.73,0.4811031734064869,30.026816257201958,0.0082,0.622,39.67675051834828,43.00494225935325,14.310416366912419,53.79426644182125,65.18415362411164,0.41412911084043863,37.41191775358585,940,Low
Route option 525,524,525,40.41742317629574,162.57,899.18,0.7874176244245723,28.291518155261716,0.0183,0.399,59.7461966975594,73.16699250768053,19.38082390368053,16.18887015177066,26.689379824278237,1.2342671538773855,37.39626918744394,941,Low
Route option 231,230,231,37.416466737848566,197.74,1003.11,0.8852898689799409,26.19089899428385,0.0101,0.453,50.96050560815368,70.01190028050661,25.51867146646688,25.29510961214166,14.389699208757925,0.5684125050751117,37.100561512906665,942,Low
Route option 702,701,702,48.82467734068147,148.67,1037.16,0.9691059761149724,34.17645502494114,0.02,0.588,63.218505658114964,68.97821520078688,2.185491168593687,48.06070826306914,3.8564642463788767,1.3723101908241986,37.052120550721725,943,Low
Route option 210,209,210,45.62773792055184,147.23,931.62,0.7958922867730236,31.93865106471948,0.0135,0.452,63.578226874172515,72.18218358004154,8.724182159513807,25.12647554806071,25.624362457159837,0.8444985789687374,36.963083914997824,944,Low
Route option 99,98,99,40.09779382117881,224.87,782.78,0.8563752130886828,28.067782968983224,0.0089,0.465,44.183257975069324,76.70064722954184,20.034560903380054,27.318718381112994,18.023426361801327,0.47097036134794973,36.475056097237385,945,Low
Route option 382,381,382,43.0205545454029,139.68,1048.49,0.88864869014939,30.11366644186548,0.0213,0.436,65.46426519447428,68.63426066471567,14.05664680974224,22.428330522765602,13.967593556470561,1.4778725131952906,36.29018596013349,946,Low
Route option 107,106,107,43.00178359293889,107.91,921.29,0.891633073265667,30.10052709005399,0.0275,0.363,73.40061452374411,72.4957802576775,14.095038984768959,10.118043844856661,13.59254382371622,1.9813235891189611,36.18496803327546,947,Low
Route option 409,408,409,49.413762341624,103.26,1094.58,0.9211574636307036,34.588804642739944,0.0384,0.494,74.56221428392996,67.2350669694357,0.9806373123410955,32.209106239460375,9.882190868109294,2.866423061307349,36.17797706652678,948,Low
Route option 54,53,54,47.33920920301384,102.24,1029.83,0.9755531753058057,33.13665224972279,0.0097,0.462,74.81701681197073,69.20073830311715,5.223714873399578,26.81281618887016,3.046239741238106,0.535931790499391,35.80346354279028,949,Low
Route option 536,535,536,41.87308525303311,215.19,743.86,0.9551967253684892,29.31045718787413,0.0185,0.484,46.601383927456226,77.88217507984116,16.40356244947357,30.52276559865093,5.604450537693031,1.2505075111652457,35.72512596288561,950,Low
Route option 914,913,914,48.37542949016498,136.81,1144.87,0.9486524992889168,33.861989066444465,0.0218,0.529,66.18120956258899,65.70837026872776,3.1043365037183968,38.111298482293435,6.42686848693055,1.5184734064149414,35.494870307665444,951,Low
Route option 74,73,74,44.01367382945,265.75,2016.45,0.3378793713159707,30.80883327950389,0.0075,0.583,33.97117234143539,39.24906801374603,12.025422797607387,47.217537942664414,83.18319952580502,0.3572878603329273,35.43009570456816,952,Low
Route option 71,70,71,38.08082377874312,208.74,1323.1,0.8125218693641465,26.655937777237916,0.0143,0.459,48.21263520771402,60.29768915981592,24.159863923634116,26.306913996627323,23.53450996047457,0.9094600081201788,35.40233765019345,953,Low
Route option 411,410,411,34.725437553231615,200.32,1421.26,0.8947809209622157,24.30722371145234,0.0099,0.427,50.31600509605057,57.31776177581328,31.022625709379774,20.9106239460371,13.196951370822719,0.5521721477872514,34.811838335396764,954,Low
Route option 92,91,92,48.25935604113977,166.88,836.73,0.9129606379214475,33.7807395994481,0.0119,0.482,58.66953111338713,75.06284076696093,3.3417411947949076,30.185497470489036,10.9122922900492,0.7145757206658548,34.74596718390436,955,Low
Route option 244,243,244,49.776438293374184,217.75,776.67,0.9729805805646564,34.842671724484894,0.0137,0.584,45.9618795433539,76.88613374458112,0.23885723249332277,47.38617200674536,3.3695397106324125,0.8607389362565977,34.48654228493548,956,Low
Route option 166,165,166,48.976141962742574,87.16,1195.74,0.9787154331488346,34.282477719318024,0.0454,0.449,78.58409732457346,64.16406601012739,1.8757010132100442,24.62057335581788,2.6488363540993114,3.434835566382461,34.37929800513531,957,Low
Route option 945,944,945,38.191258843574616,258.34,1276.15,0.7883492751137491,26.73324046989177,0.0039,0.479,35.82223776573157,61.72299061335017,23.933991403514195,29.679595278246207,26.572298562127134,0.06496142915144133,34.088940510014424,958,Low
Route option 138,137,138,36.84332802667775,193.69,1597.97,0.8060387145066972,25.78971151180025,0.0154,0.425,51.97222152831556,51.953224611722995,26.690910422164144,20.57335581787521,24.34925304202794,0.9987819732034107,34.057352399986755,959,Low
Route option 737,736,737,49.575067176646805,124.3,871.11,0.963712128572985,34.70171532110441,0.0239,0.439,69.306287627089,74.01913759395757,0.6507209977201879,22.934232715008434,4.5343132357082485,1.688997157937475,33.95249301810875,960,Low
Route option 215,214,215,36.60687861144584,243.83,1792.77,0.916515322451068,25.624200887962214,0.0041,0.568,39.446928630311504,46.039513788539296,27.17451973032004,44.68802698145025,10.46557233791273,0.08120178643930172,33.879141135753464,961,Low
Route option 389,388,389,35.573707269547405,137.54,1301.42,0.9645115693787374,24.90099828176641,0.0072,0.323,65.99885089055982,60.955847530691784,29.287662101054813,3.3726812816188905,4.433846891787779,0.3329273244011368,33.84742252123664,962,Low
Route option 504,503,504,47.846310036984725,167.03,1662.07,0.6589022863543263,33.49161432605946,0.006,0.501,58.632060153381126,50.007285886024455,4.186542997793916,33.38954468802699,42.840001684854926,0.23548518067397486,33.74818832245419,963,Low
Route option 734,733,734,47.93170024842199,251.57,1914.99,0.743120673784166,33.55138604150558,0.0119,0.702,37.51342709400215,42.329176330584936,4.011894644208619,67.28499156829679,32.25621184691809,0.7145757206658548,33.689842630354036,964,Low
Route option 416,415,416,48.236852948767414,321.08,1310.92,0.4689282061956159,33.7649878123135,0.0031,0.595,20.14938422722391,60.667447875557066,3.3877667048300584,49.24114671163575,66.71419116313456,0.0,33.52995655540432,965,Low
Route option 528,527,528,47.91495293286671,257.57,1916.35,0.7407939918050721,33.5396632015804,0.0116,0.699,36.01458869376234,42.28788964311302,4.046147880492624,66.77908937605396,32.548607769446996,0.6902151847340642,33.31722204889042,966,Low
Route option 540,539,540,38.67721632327441,323.57,1211.14,0.9095536887062938,27.073402552952896,0.0092,0.59,19.52736629112438,63.69655499022476,22.940063969520335,48.397976391231026,11.340446231036852,0.49533089727974017,33.21820669486379,967,Low
Route option 766,765,766,47.93877193178175,103.0,1099.33,0.9625897430249865,33.556336101218406,0.0385,0.398,74.62716394794035,67.09086714186834,3.9974309505946506,16.020236087689717,4.675364294980202,2.8745432399512794,33.158274764643934,968,Low
Route option 980,979,980,48.5425983765768,116.44,993.91,0.8808030134377993,33.97900448240222,0.0255,0.36,71.26976593140316,70.29119257811077,2.7624264616761365,9.612141652613827,14.953565812482312,1.8189200162403576,32.51152922990484,969,Low
Route option 499,498,499,49.05622783558804,210.46,1319.8,0.6245561518108171,34.33853648673881,0.0142,0.47,47.782968199645275,60.397870092652184,1.7119016080735567,28.161888701517707,47.15630695793839,0.9013398294762486,32.45721848804907,970,Low
Route option 123,122,123,48.38920414769935,222.88,1565.13,0.5648796213300733,33.8716310956262,0.0179,0.494,44.68037271114886,52.950176682736085,3.076163236325239,32.209106239460375,54.65590266548621,1.2017864393016646,32.26265152426408,971,Low
Route option 45,44,45,43.14684497412232,172.03,968.94,0.9741919637272688,30.2020676232413,0.0173,0.379,57.38302815318128,71.04922830323858,13.798345359515329,12.816188870151773,3.217304252348608,1.1530653674380837,32.07865909879992,972,Low
Route option 185,184,185,33.004976736032866,286.9,1478.39,0.9744897891248934,23.102930002947396,0.0069,0.486,28.68776698059005,55.583417323408334,34.541479265007176,30.86003372681282,3.179876304449648,0.3085667884693464,31.99502939228247,973,Low
Route option 986,985,986,48.384728487551165,220.18,1530.26,0.5655510799185992,33.868498208608955,0.0045,0.476,45.35484999125677,54.00875520637272,3.0853172911394053,29.17369308600337,54.57151994571784,0.11368250101502232,31.94162509913396,974,Low
Route option 554,553,554,47.43671327225907,228.18,1778.9,0.8445975137424961,33.204903462404786,0.0131,0.616,43.35639879093702,46.460577285035995,5.024290081319527,52.782462057335586,19.503538941234062,0.8120178643930168,31.766914934334658,975,Low
Route option 964,963,964,48.94774795106789,165.66,1117.66,0.7783547395115578,34.262602387501566,0.018,0.399,58.974294921435884,66.5344075967505,1.9337752035323044,16.18887015177066,27.828319575703215,1.2099066179455948,31.666285623342088,976,Low
Route option 782,781,782,42.33883353853936,150.87,1468.06,0.9246801536790366,29.636473174041946,0.0132,0.393,62.668931578027035,55.89701400104431,15.450968822174646,15.177065767284997,9.439491687163716,0.8201380430369468,31.59630054568315,977,Low
Route option 638,637,638,38.290851722288366,315.07,1324.55,0.9059761559545084,26.80295381415854,0.0095,0.542,21.65072069146412,60.25367026508482,23.730294375442583,40.30354131534571,11.790037536911429,0.5196914332115307,31.5791483735913,978,Low
Route option 739,738,739,48.1756491624071,153.11,1460.06,0.9471610708661746,33.72214618865454,0.0195,0.475,62.109365241937496,56.13987686852619,3.5129466328463956,29.005059021922424,6.614297449492662,1.3317092976045477,31.057112094518317,979,Low
Route option 516,515,516,46.39274772977425,127.99,1139.33,0.9611170979875324,32.47414509688882,0.0155,0.354,68.38450201094152,65.87655280445897,7.159509799433474,8.600337268128161,4.86043273499609,1.0069021518473407,30.898544247656073,980,Low
Route option 804,803,804,48.04664461586691,274.84,1325.71,0.9055226278107676,33.63184517033793,0.0073,0.591,31.70043216507208,60.21845514929994,3.776799260437258,48.566610455311974,11.847032769252355,0.3410475030450671,30.243055021123602,981,Low
Route option 18,17,18,45.09183393867635,299.36,1180.52,0.9783693079616332,31.56352726806934,0.0067,0.577,25.575179236092026,64.62611261551166,9.820265030594733,46.20573355817875,2.692334173883706,0.29232643118148605,30.02032107855262,982,Low
Route option 979,978,979,35.48128920182349,278.38,1140.82,0.8995316433571829,24.83630718482338,0.0143,0.359,30.816117508930578,65.83131959539047,29.476684508867617,9.443507588532883,12.599924415769697,0.9094600081201788,29.89282550777067,983,Low
Route option 245,244,245,42.929108598039434,332.23,1956.5,0.8412955887856268,30.049655812865854,0.012,0.656,17.364042866778245,41.069021626938344,14.243680942580902,59.52782462057337,19.91849440251331,0.722695899309785,29.18108229372004,984,Low
Route option 842,841,842,37.95898369400411,270.01,1364.95,0.9861440389779472,26.570651761986607,0.0148,0.434,32.906997077265125,59.02721278430134,24.40906309813195,22.09106239460371,1.7152777182289733,0.9500609013398297,29.126351042656918,985,Low
Route option 110,109,110,49.19255216304588,272.49,1830.19,0.6888187292335397,34.43396122889653,0.011,0.576,32.287477205166,44.90352272589282,1.4330778536479274,46.0370994940978,39.08037918678688,0.6414941128704832,28.94400197276552,986,Low
Route option 662,661,662,44.12768015815277,315.06,1236.43,0.7562067206043468,30.88863579695386,0.0095,0.477,21.65321875546452,62.92880475039768,11.792245981774434,29.34232715008432,30.611678229249673,0.5196914332115307,28.820084021218456,987,Low
Route option 871,870,871,44.81062082412929,353.4,1355.08,0.706771295388618,31.36668280569471,0.0056,0.544,12.07564137793211,59.32684484705712,10.395429404070068,40.6408094435076,36.82426632312873,0.2030044660982542,28.700093340334668,988,Low
Route option 619,618,619,42.29288320586719,323.78,981.88,0.9890625388481012,29.604308712063148,0.0062,0.477,19.474906947115993,70.65639761508665,15.544950905282464,29.34232715008432,1.3485075839339085,0.25172553796183517,27.92840110406949,989,Low
Route option 198,197,198,43.363616866610826,189.46,1476.9,0.9435260528561656,30.353804311281472,0.021,0.36,53.02890260048463,55.62865053247683,13.354982431968251,9.612141652613827,7.071112972196665,1.4535119772635001,27.772471461189966,990,Low
Route option 287,286,287,48.605101854151485,257.04,852.1,0.8637565475336513,34.0227558681068,0.0039,0.389,36.14698608578352,74.59624048281138,2.6345882789612927,14.502529510961217,17.09580835731089,0.06496142915144133,27.420627192840207,991,Low
Route option 789,788,789,47.620060707729785,277.38,1642.05,0.7441902030750265,33.33324359128224,0.0108,0.498,31.06592390897055,50.61505021189785,4.649290099470619,32.88364249578415,32.12180327433155,0.625253755582623,27.31868886341045,992,Low
Route option 444,443,444,41.84884813494169,334.62,1151.81,0.9621382931992606,29.29349161182729,0.0119,0.476,16.767005570682723,65.49768673118723,16.45313455731909,29.17369308600337,4.732098343489933,0.7145757206658548,26.909899337286724,993,Low
Route option 146,145,146,41.26020798781311,330.59,1804.44,0.708751661393147,28.881453384235108,0.006,0.453,17.773725362843802,45.685237580600116,17.657078555346878,25.29510961214166,36.57539219677965,0.23548518067397486,25.834397628665503,994,Low
Route option 135,134,135,36.24832749608877,290.18,1743.63,0.9316209230416448,25.373221122491582,0.0137,0.378,27.868401988458945,47.531298952046726,27.907863294169804,12.64755480607083,8.56723983707179,0.8607389362565977,25.486177903377758,995,Low
Route option 498,497,498,43.41328013560306,282.57,2294.24,0.8844711152604507,30.388567766393756,0.0106,0.553,29.76942869276311,30.815958519022242,13.253406290895809,42.1585160202361,14.49259262147414,0.6090133982947625,25.3418421511904,996,Low
Route option 435,434,435,48.09563878497205,296.88,1366.36,0.946663535293078,33.666140266754496,0.0101,0.43,26.194699108191156,58.98440820390767,3.67659162743731,21.416526138279934,6.676823129492638,0.5684125050751117,22.9343775351381,997,Low
Route option 790,789,790,49.7461454043316,263.0,1828.37,0.8739655888947309,34.82146721036767,0.0152,0.413,34.6581399415453,44.95877402824495,0.3008151912286304,18.54974704890388,15.812830239230854,0.9825416159155503,21.338946106264846,998,Low
Route option 315,314,315,49.64802511095445,312.24,2530.16,0.7552578668247876,34.752784651131506,0.0128,0.565,22.357672803577227,23.6539325569817,0.5015003447513591,44.182124789207414,30.730921417064838,0.7876573284612263,21.276596124270654,999,Low
Route option 433,432,433,49.21664499731275,401.74,3309.33,0.9662641739802214,34.45082580868677,0.005,0.484,0.0,0.0,1.3838008490933367,30.52276559865093,4.213595716988686,0.15428339423467322,6.879577073414123,1000,Low
